buscoID	query_chr	position	assigned_alg	status
0at6231	IV	4077416.0	D	D
4at6231	III	6614815.5	NA	NA
6at6231	X	10931325.5	E	E
7at6231	III	5170406.0	C	C
9at6231	III	8165004.5	C	C
18at6231	I	4320755.0	A	A
19at6231	X	10960413.0	E	E
20at6231	II	7032942.5	B	B
21at6231	X	6199153.5	NA	NA
22at6231	I	4269364.0	A	A
23at6231	III	7166723.0	C	C
25at6231	X	4474574.0	X	X
28at6231	III	9131702.5	C	C
29at6231	IV	10397581.5	D	D
31at6231	X	8668121.0	E	E
32at6231	V	3834429.0	N	N
35at6231	X	4714398.5	E	E
39at6231	V	3433429.5	N	N
40at6231	X	6031413.5	E	E
43at6231	I	5830385.0	A	A
48at6231	I	3074945.5	A	A
49at6231	X	1963026.5	NA	NA
55at6231	III	3682502.0	C	C
57at6231	I	8365765.0	A	A
60at6231	IV	3949251.5	D	D
63at6231	IV	8940719.5	D	D
65at6231	II	5303841.0	B	B
67at6231	X	6527291.0	X	X
68at6231	I	4049759.0	A	A
72at6231	III	5313670.0	C	C
74at6231	I	6853219.5	A	A
76at6231	I	4860501.5	A	A
86at6231	X	66662.0	X	X
88at6231	X	8159553.5	E	E
90at6231	V	7964434.5	NA	NA
91at6231	IV	3560982.5	D	D
92at6231	III	9512668.0	C	C
97at6231	X	10045342.5	NA	NA
100at6231	II	2728561.0	B	B
101at6231	V	2947863.5	N	N
107at6231	II	3577595.0	B	B
112at6231	V	9511527.0	N	N
117at6231	I	898668.0	A	A
119at6231	III	8509851.0	C	C
121at6231	I	1151395.5	A	A
121at6231	I	1126365.0	A	A
125at6231	X	2935915.5	E	E
127at6231	V	4541662.0	N	N
131at6231	II	1875273.0	B	B
132at6231	III	5272710.0	C	C
137at6231	III	3870012.0	C	C
139at6231	X	7141561.5	X	X
144at6231	V	5695872.0	N	N
146at6231	II	2828173.5	B	B
147at6231	V	9087367.0	N	N
149at6231	II	3882279.5	B	B
151at6231	III	7366299.0	C	C
152at6231	II	4646791.0	B	B
161at6231	II	7612339.0	B	B
165at6231	X	7610469.0	X	X
166at6231	III	4867082.0	C	C
170at6231	IV	2224851.0	D	D
172at6231	IV	4144062.5	D	D
174at6231	III	5545383.0	C	C
175at6231	I	6096943.0	A	A
181at6231	II	5619714.0	B	B
183at6231	III	8751193.0	C	C
184at6231	II	6352781.0	B	B
185at6231	III	8290657.5	C	C
189at6231	V	7316686.5	N	N
190at6231	II	6881759.0	B	B
194at6231	IV	4942408.5	D	D
196at6231	III	5599920.0	C	C
197at6231	II	8281388.0	B	B
198at6231	V	3422915.0	N	N
199at6231	III	5765772.5	C	C
201at6231	II	2998128.5	B	B
204at6231	I	7248275.0	NA	NA
210at6231	III	318336.0	C	C
211at6231	III	8920018.0	C	C
216at6231	I	6688975.0	A	A
217at6231	X	4788598.5	E	E
219at6231	II	3555071.0	B	B
223at6231	III	7521436.0	NA	NA
225at6231	IV	2807770.0	NA	NA
232at6231	V	4570888.0	N	N
233at6231	IV	3349542.0	D	D
238at6231	I	7497182.0	A	A
241at6231	I	3483835.0	A	A
243at6231	IV	7125569.0	D	D
252at6231	X	3650042.0	X	X
255at6231	III	7041199.5	C	C
256at6231	X	1859851.0	NA	NA
257at6231	II	4718939.5	NA	NA
265at6231	III	3628212.5	C	C
267at6231	III	5504840.0	C	C
270at6231	X	5836095.0	E	E
271at6231	I	6900822.5	A	A
277at6231	I	2819396.0	NA	NA
279at6231	III	4214309.5	C	C
286at6231	X	2764713.5	E	E
287at6231	X	2832725.5	E	E
288at6231	I	2892605.5	A	A
293at6231	III	6937879.5	C	C
294at6231	I	5713523.0	A	A
299at6231	IV	9529551.0	C	C
300at6231	III	4810987.0	C	C
301at6231	IV	4022752.0	D	D
302at6231	II	6991977.0	B	B
311at6231	V	4597973.5	N	N
318at6231	I	6461521.5	A	A
319at6231	II	6853543.0	B	B
322at6231	V	9646893.0	N	N
323at6231	IV	4459217.0	D	D
327at6231	I	8036009.0	A	A
333at6231	I	3765999.5	A	A
334at6231	III	8029902.0	C	C
344at6231	IV	3920613.0	D	D
345at6231	III	3177882.5	C	C
346at6231	I	7257785.0	A	A
347at6231	V	9743324.0	NA	NA
350at6231	IV	3002231.0	D	D
359at6231	I	732449.5	A	A
364at6231	IV	3658149.0	D	D
366at6231	I	7332754.5	A	A
369at6231	IV	4119704.5	D	D
373at6231	III	5372647.5	C	C
375at6231	V	5228980.5	N	N
378at6231	V	7639404.0	N	N
382at6231	II	6345808.0	B	B
384at6231	II	2174910.0	B	B
390at6231	II	8661372.0	B	B
393at6231	I	2911077.5	NA	NA
394at6231	V	3670232.5	N	N
401at6231	X	9556609.0	E	E
402at6231	V	9752699.0	N	N
403at6231	V	7692162.0	NA	NA
405at6231	II	4887344.5	B	B
407at6231	I	6715694.0	NA	NA
411at6231	I	1595511.5	A	A
416at6231	X	4912356.0	E	E
420at6231	X	5238619.0	E	E
420at6231	I	2690847.0	E	E
421at6231	X	6664346.0	X	X
422at6231	I	7284476.5	A	A
422at6231	X	9138236.0	A	A
423at6231	III	6543106.0	C	C
425at6231	IV	1255736.5	D	D
428at6231	III	5869671.0	C	C
430at6231	I	4810877.0	A	A
432at6231	X	6347238.5	X	X
433at6231	III	4033560.5	C	C
435at6231	III	7231788.5	C	C
436at6231	X	3895289.5	NA	NA
438at6231	V	5475426.0	N	N
439at6231	V	1641400.5	N	N
442at6231	X	3755031.5	X	X
446at6231	II	8563574.0	B	B
450at6231	II	1846660.5	B	B
450at6231	V	2092267.5	B	B
451at6231	III	883271.0	C	C
452at6231	I	998266.0	D	D
454at6231	X	4375431.5	E	E
455at6231	X	8884444.5	E	E
459at6231	IV	1474908.0	NA	NA
461at6231	III	3408036.5	C	C
462at6231	I	3178210.0	A	A
473at6231	X	8212310.5	E	E
479at6231	V	3313834.0	NA	NA
482at6231	I	7070623.0	E	E
484at6231	I	6510084.5	A	A
487at6231	X	8904782.5	E	E
488at6231	I	4388163.5	A	A
489at6231	I	4066932.0	A	A
490at6231	X	2773482.5	E	E
490at6231	IV	5537024.0	E	E
493at6231	X	6435728.0	X	X
494at6231	II	5676660.0	B	B
495at6231	IV	6718693.0	D	D
498at6231	X	5773967.0	E	E
499at6231	X	5023351.0	NA	NA
503at6231	I	1968316.0	A	A
509at6231	I	3423121.0	A	A
514at6231	IV	2423569.0	D	D
516at6231	V	7114463.0	N	N
518at6231	III	9334181.5	C	C
522at6231	I	2564909.0	A	A
523at6231	I	7918673.5	A	A
525at6231	II	4865400.0	B	B
527at6231	III	1582700.0	C	C
529at6231	III	3418161.0	C	C
531at6231	I	1387297.0	A	A
532at6231	I	5725792.5	A	A
534at6231	II	4185333.0	B	B
536at6231	II	7359066.5	B	B
537at6231	II	5063930.0	B	B
538at6231	I	6304427.0	C	C
543at6231	IV	2209427.5	NA	NA
544at6231	X	9953557.0	E	E
545at6231	X	4486191.0	NA	NA
546at6231	II	7438761.0	NA	NA
547at6231	X	5609665.0	E	E
548at6231	I	2224658.0	A	A
551at6231	II	5433431.0	B	B
559at6231	III	3561829.0	NA	NA
562at6231	I	7100884.0	A	A
563at6231	X	6325024.5	X	X
568at6231	X	3561172.0	X	X
569at6231	I	964493.5	NA	NA
570at6231	IV	3716754.0	NA	NA
572at6231	II	7090979.5	B	B
575at6231	V	7582949.0	N	N
581at6231	I	4907442.0	A	A
585at6231	II	7113959.5	B	B
590at6231	I	7201868.5	A	A
593at6231	II	3700496.5	B	B
596at6231	X	7179664.0	X	X
597at6231	I	3200079.0	C	C
600at6231	X	7877140.0	X	X
603at6231	III	3548545.5	NA	NA
604at6231	II	7141246.5	B	B
605at6231	III	5725746.5	NA	NA
606at6231	IV	11012768.5	E	E
609at6231	II	6125420.0	B	B
612at6231	IV	10279515.0	D	D
613at6231	I	5538629.5	A	A
620at6231	III	7502257.0	C	C
625at6231	X	100784.0	X	X
627at6231	II	8013204.5	B	B
629at6231	III	10404.5	C	C
631at6231	I	4895111.5	A	A
632at6231	III	4473640.0	C	C
634at6231	IV	5237735.0	NA	NA
635at6231	IV	5214849.0	D	D
638at6231	IV	3097621.0	D	D
639at6231	III	3756738.5	C	C
641at6231	IV	392390.0	D	D
642at6231	X	5802097.0	E	E
644at6231	III	2763325.5	A	A
645at6231	II	6816642.0	B	B
646at6231	I	7784563.0	A	A
650at6231	II	515663.5	B	B
651at6231	V	7567339.0	N	N
655at6231	II	8705503.0	B	B
657at6231	II	6754683.0	B	B
659at6231	IV	3135551.0	NA	NA
662at6231	IV	2461153.5	NA	NA
665at6231	I	3602411.5	A	A
670at6231	I	5387861.0	NA	NA
675at6231	I	2715326.5	A	A
683at6231	X	6064983.5	E	E
687at6231	III	5705965.0	NA	NA
689at6231	III	2621207.0	NA	NA
690at6231	X	7025075.0	NA	NA
693at6231	IV	3435041.0	NA	NA
700at6231	III	3372874.5	C	C
701at6231	X	10339003.0	E	E
702at6231	II	5939920.0	B	B
704at6231	V	874818.0	N	N
708at6231	X	9588261.0	E	E
710at6231	II	3754017.0	B	B
712at6231	IV	9910330.0	NA	NA
714at6231	V	7740589.0	E	E
716at6231	III	6278441.5	C	C
718at6231	V	9125312.5	N	N
721at6231	I	3910358.0	A	A
722at6231	III	6640859.0	C	C
724at6231	III	6099215.5	C	C
725at6231	V	4471692.0	N	N
726at6231	III	8414315.0	C	C
728at6231	IV	2566588.0	D	D
734at6231	III	8648630.5	C	C
735at6231	V	9693105.0	N	N
736at6231	II	3366160.0	B	B
737at6231	III	5594415.0	C	C
740at6231	IV	218588.0	NA	NA
741at6231	III	7451336.0	C	C
743at6231	V	2363093.0	E	E
746at6231	II	7837142.0	B	B
747at6231	III	3514997.5	C	C
751at6231	II	6363661.0	B	B
753at6231	II	5739952.0	B	B
754at6231	II	7887365.5	B	B
755at6231	X	2103252.5	X	X
759at6231	IV	6885527.0	D	D
762at6231	X	6749802.0	X	X
764at6231	X	7374617.0	NA	NA
765at6231	II	5077146.5	B	B
765at6231	IV	2916154.0	B	B
772at6231	II	6275393.0	B	B
774at6231	II	6314663.5	B	B
777at6231	I	3557114.5	NA	NA
780at6231	II	8439077.0	B	B
781at6231	X	6224018.0	X	X
782at6231	III	6635119.5	C	C
785at6231	III	3237566.0	C	C
786at6231	IV	3932319.0	D	D
787at6231	II	2542438.0	E	E
788at6231	X	6500990.5	X	X
790at6231	X	3767467.0	X	X
792at6231	III	9018554.5	C	C
794at6231	II	2648394.0	B	B
798at6231	I	1441344.0	A	A
800at6231	II	5930961.0	B	B
801at6231	V	6268402.0	N	N
802at6231	V	8512900.0	N	N
803at6231	III	405677.5	C	C
810at6231	II	5092352.0	B	B
813at6231	II	3939660.0	B	B
814at6231	V	5522724.5	N	N
815at6231	III	6818012.0	C	C
816at6231	V	3345855.0	N	N
817at6231	II	4321828.0	NA	NA
818at6231	II	6706484.0	NA	NA
821at6231	III	4545389.0	C	C
825at6231	II	1252067.0	B	B
826at6231	III	2684170.0	C	C
829at6231	III	3671900.0	C	C
831at6231	III	1562575.5	C	C
833at6231	V	7867689.0	NA	NA
837at6231	X	7068941.0	X	X
838at6231	III	3151072.0	C	C
842at6231	III	212116.5	C	C
844at6231	IV	4334376.0	D	D
845at6231	X	9448773.0	E	E
846at6231	I	3252050.5	NA	NA
849at6231	I	3593240.5	A	A
850at6231	III	2587286.0	E	E
851at6231	X	9641792.5	D	D
853at6231	I	504002.0	A	A
857at6231	X	2786099.5	E	E
860at6231	III	4698063.0	C	C
862at6231	II	7629434.0	B	B
863at6231	V	4192063.5	NA	NA
865at6231	X	6654847.0	NA	NA
868at6231	X	10882839.0	E	E
868at6231	II	8198301.5	E	E
869at6231	III	6217044.0	C	C
872at6231	I	6859998.0	NA	NA
875at6231	IV	3798634.0	D	D
876at6231	V	9439304.0	N	N
879at6231	V	1219142.0	N	N
881at6231	I	211311.5	A	A
885at6231	X	8810255.0	E	E
887at6231	V	3455564.0	NA	NA
890at6231	X	10659516.0	E	E
894at6231	X	7885595.0	NA	NA
895at6231	IV	5269924.0	NA	NA
899at6231	I	4796661.0	A	A
900at6231	III	8037075.5	NA	NA
901at6231	II	3904689.0	NA	NA
902at6231	X	4889352.0	E	E
903at6231	IV	9520343.0	NA	NA
904at6231	X	3012648.5	X	X
908at6231	I	5966939.5	NA	NA
912at6231	X	5028580.0	E	E
914at6231	II	4617630.0	B	B
916at6231	II	4030404.0	B	B
917at6231	X	8343034.5	E	E
918at6231	I	3426332.0	A	A
920at6231	II	5082700.0	B	B
921at6231	IV	3264611.0	D	D
922at6231	IV	2688313.0	D	D
925at6231	III	6069268.5	C	C
933at6231	V	6915395.0	N	N
934at6231	IV	4254472.0	D	D
937at6231	I	468760.0	A	A
939at6231	II	1163677.0	B	B
941at6231	II	4284301.0	NA	NA
943at6231	IV	159412.5	NA	NA
944at6231	V	9845032.0	NA	NA
950at6231	V	5271583.0	NA	NA
952at6231	V	6416930.0	N	N
957at6231	II	551463.0	B	B
958at6231	II	7149382.5	B	B
960at6231	III	3278910.0	NA	NA
961at6231	V	8753230.0	N	N
962at6231	I	5303159.0	A	A
963at6231	III	3313489.0	C	C
965at6231	X	4151151.0	NA	NA
968at6231	II	6872208.0	B	B
969at6231	I	5610755.0	A	A
975at6231	V	6693170.5	B	B
982at6231	V	673017.0	NA	NA
984at6231	V	361741.0	N	N
987at6231	III	9425520.0	C	C
989at6231	II	4582918.0	B	B
990at6231	I	7569144.0	A	A
993at6231	X	8532179.0	E	E
994at6231	X	225887.0	X	X
995at6231	X	8512462.0	E	E
997at6231	II	7555130.0	B	B
998at6231	X	1717714.0	X	X
1003at6231	II	1069245.5	B	B
1008at6231	II	5059901.0	NA	NA
1013at6231	V	5957531.5	N	N
1014at6231	X	4579659.5	E	E
1016at6231	II	4931357.5	B	B
1017at6231	III	3027429.5	C	C
1018at6231	V	8200970.5	C	C
1019at6231	IV	3388371.0	D	D
1022at6231	IV	3942241.5	NA	NA
1024at6231	II	5291582.0	B	B
1027at6231	X	3899047.5	NA	NA
1030at6231	X	4204881.0	NA	NA
1032at6231	III	1107720.5	C	C
1033at6231	III	8485390.0	A	A
1034at6231	III	9543387.0	C	C
1035at6231	IV	6842338.5	B	B
1037at6231	IV	3975612.5	D	D
1038at6231	I	2600671.0	NA	NA
1040at6231	II	7234128.0	B	B
1042at6231	X	3008260.0	NA	NA
1045at6231	I	5698012.0	NA	NA
1047at6231	III	9225701.5	C	C
1053at6231	I	4629405.0	A	A
1055at6231	III	4486820.0	C	C
1056at6231	I	2610095.0	A	A
1057at6231	IV	6585532.5	D	D
1066at6231	V	8217062.0	N	N
1067at6231	I	5266084.0	A	A
1072at6231	IV	3861375.0	D	D
1073at6231	II	5838388.5	B	B
1075at6231	X	7911914.0	NA	NA
1076at6231	I	2081439.0	NA	NA
1082at6231	II	1758057.5	B	B
1083at6231	X	10208602.5	E	E
1086at6231	IV	5519586.0	D	D
1087at6231	I	3789414.5	NA	NA
1088at6231	II	5874188.0	B	B
1101at6231	I	5928895.0	A	A
1104at6231	II	3136629.0	B	B
1105at6231	III	7291791.0	C	C
1109at6231	IV	5542158.5	NA	NA
1109at6231	X	10427137.0	NA	NA
1112at6231	III	1404438.0	E	E
1112at6231	X	9016519.5	E	E
1113at6231	I	5447965.5	A	A
1115at6231	III	6227050.5	C	C
1118at6231	III	4070499.0	C	C
1121at6231	X	3261628.5	NA	NA
1122at6231	IV	1241613.0	D	D
1125at6231	X	11071600.5	E	E
1128at6231	I	6339719.5	E	E
1128at6231	II	2427464.0	E	E
1129at6231	III	8396705.0	D	D
1131at6231	III	9361394.0	C	C
1133at6231	V	5121353.0	N	N
1134at6231	I	1639417.5	A	A
1138at6231	I	5295519.0	A	A
1140at6231	IV	207204.0	NA	NA
1142at6231	I	677654.0	A	A
1144at6231	III	3503299.5	C	C
1147at6231	I	6040181.5	A	A
1148at6231	III	8599459.0	C	C
1150at6231	I	4308407.5	A	A
1152at6231	III	5842646.0	C	C
1153at6231	X	5502827.5	E	E
1156at6231	III	5108847.0	NA	NA
1157at6231	III	2502067.0	NA	NA
1158at6231	II	7022783.0	B	B
1159at6231	III	3483695.0	C	C
1160at6231	I	8155234.5	A	A
1161at6231	II	5590753.0	NA	NA
1169at6231	III	4064540.0	C	C
1173at6231	II	3692195.0	B	B
1174at6231	I	407020.0	A	A
1175at6231	V	8089425.5	N	N
1177at6231	III	3013811.5	C	C
1179at6231	I	5232063.0	A	A
1180at6231	X	4104241.0	X	X
1181at6231	X	749224.5	NA	NA
1182at6231	V	5169261.0	N	N
1183at6231	V	4896527.0	NA	NA
1187at6231	X	2911285.0	E	E
1193at6231	III	5478800.5	C	C
1194at6231	I	6473496.0	NA	NA
1196at6231	I	6054960.0	A	A
1199at6231	II	2775724.0	B	B
1200at6231	II	658720.0	B	B
1202at6231	III	5985280.0	C	C
1205at6231	IV	10459464.5	D	D
1207at6231	III	6914665.0	E	E
1211at6231	I	5431933.5	A	A
1212at6231	III	2368139.0	C	C
1215at6231	X	4760404.0	E	E
1219at6231	IV	287226.5	NA	NA
1222at6231	X	7412635.5	X	X
1223at6231	IV	7373681.0	D	D
1228at6231	X	2354680.5	E	E
1230at6231	IV	4289373.0	NA	NA
1233at6231	V	9798552.0	N	N
1235at6231	IV	3444460.0	D	D
1247at6231	II	2199364.0	B	B
1250at6231	X	4934852.0	NA	NA
1252at6231	I	3341299.0	A	A
1255at6231	III	6657222.5	C	C
1262at6231	V	9605767.5	NA	NA
1263at6231	I	1662637.5	A	A
1264at6231	I	4966059.0	D	D
1266at6231	IV	6743037.5	D	D
1270at6231	I	1546262.5	A	A
1272at6231	III	4993047.0	C	C
1273at6231	X	10761182.0	E	E
1275at6231	I	8026180.5	A	A
1278at6231	II	3731846.0	B	B
1279at6231	X	6376789.0	X	X
1281at6231	V	7644395.5	N	N
1285at6231	X	7169712.0	X	X
1288at6231	I	4286402.0	A	A
1289at6231	V	3085107.0	NA	NA
1293at6231	I	8343826.0	A	A
1295at6231	I	7276637.0	A	A
1301at6231	I	6530839.0	A	A
1304at6231	I	3309942.0	NA	NA
1313at6231	I	3086134.0	E	E
1314at6231	II	4919556.0	B	B
1316at6231	III	62125.0	C	C
1317at6231	X	10028905.5	E	E
1318at6231	II	4606139.0	B	B
1320at6231	X	6015078.0	E	E
1322at6231	I	4571717.5	A	A
1327at6231	III	2048818.0	C	C
1328at6231	III	3379823.0	C	C
1329at6231	I	5923468.0	A	A
1331at6231	II	7254984.0	NA	NA
1332at6231	V	6201055.5	E	E
1332at6231	X	4668846.5	E	E
1346at6231	X	5388596.5	E	E
1347at6231	IV	4733146.0	NA	NA
1349at6231	V	2749378.5	N	N
1350at6231	II	7772624.0	B	B
1352at6231	III	5008260.0	C	C
1355at6231	III	3692952.0	NA	NA
1358at6231	II	8682129.0	B	B
1360at6231	II	8078965.0	B	B
1361at6231	I	7150174.0	A	A
1362at6231	X	4832846.5	E	E
1366at6231	IV	9412103.5	D	D
1369at6231	V	4516482.5	NA	NA
1373at6231	I	2578942.0	A	A
1374at6231	II	6137643.0	B	B
1375at6231	I	3569684.0	A	A
1376at6231	X	4732562.0	E	E
1377at6231	II	2616377.0	B	B
1378at6231	III	3809335.5	C	C
1381at6231	X	10556231.0	A	A
1383at6231	I	8833409.5	A	A
1384at6231	II	8529190.0	NA	NA
1389at6231	I	5398806.0	A	A
1395at6231	II	7408969.0	B	B
1400at6231	X	2446052.5	E	E
1401at6231	I	4367256.0	NA	NA
1404at6231	IV	3404647.0	D	D
1405at6231	I	8792518.0	A	A
1407at6231	V	4802436.0	N	N
1409at6231	IV	3295128.0	D	D
1412at6231	IV	1322852.0	NA	NA
1413at6231	I	8811696.0	A	A
1416at6231	III	2637601.0	E	E
1417at6231	I	6663466.0	NA	NA
1427at6231	I	699761.0	A	A
1430at6231	X	3538646.5	X	X
1432at6231	V	9600058.0	N	N
1434at6231	III	3905833.0	C	C
1437at6231	V	6339553.5	A	A
1441at6231	III	2958135.0	C	C
1444at6231	II	7075975.0	B	B
1449at6231	III	3269028.0	C	C
1450at6231	X	4128957.0	X	X
1452at6231	I	257334.5	A	A
1453at6231	I	2806298.0	A	A
1454at6231	III	9307164.5	C	C
1457at6231	V	2979528.5	NA	NA
1459at6231	X	2436259.5	E	E
1466at6231	I	3318258.0	A	A
1471at6231	X	8567302.0	E	E
1473at6231	I	4463274.0	A	A
1477at6231	V	6666666.0	NA	NA
1478at6231	X	8148486.0	E	E
1482at6231	III	5776416.0	C	C
1484at6231	I	4678294.0	A	A
1490at6231	X	7233456.0	X	X
1491at6231	IV	923541.5	D	D
1492at6231	I	7468875.0	A	A
1495at6231	V	9010187.5	N	N
1498at6231	IV	7468679.5	D	D
1499at6231	I	6285020.5	A	A
1501at6231	V	26379.0	N	N
1506at6231	II	7680886.5	B	B
1509at6231	III	5772947.0	C	C
1514at6231	IV	10267685.5	D	D
1517at6231	X	508242.0	X	X
1518at6231	I	1329259.0	A	A
1519at6231	V	7515667.0	N	N
1530at6231	X	5926518.0	NA	NA
1533at6231	IV	55856.0	D	D
1533at6231	III	2237186.0	D	D
1535at6231	X	5107939.5	E	E
1537at6231	III	9573035.0	C	C
1541at6231	X	7809975.5	X	X
1543at6231	II	4798359.0	B	B
1546at6231	V	7391018.0	NA	NA
1548at6231	III	7729859.5	C	C
1551at6231	III	4777015.0	C	C
1552at6231	I	2628101.5	A	A
1556at6231	I	3265745.0	A	A
1561at6231	V	8957846.0	N	N
1566at6231	V	4367522.5	N	N
1571at6231	II	4496653.0	B	B
1572at6231	III	1956485.5	C	C
1574at6231	III	1961086.0	N	N
1574at6231	V	9787179.0	N	N
1575at6231	I	3321300.0	NA	NA
1576at6231	V	6238973.5	N	N
1587at6231	X	782242.0	X	X
1590at6231	V	6274136.5	B	B
1592at6231	V	6384063.0	N	N
1594at6231	X	8769347.0	A	A
1596at6231	I	2572214.0	A	A
1598at6231	V	526699.0	N	N
1601at6231	IV	5297856.5	D	D
1602at6231	IV	4524669.0	NA	NA
1603at6231	X	4656320.5	NA	NA
1604at6231	X	9830951.0	E	E
1605at6231	X	5497195.0	E	E
1606at6231	I	3275232.0	A	A
1608at6231	II	3926550.0	B	B
1611at6231	V	5839787.5	N	N
1613at6231	II	7592098.0	B	B
1616at6231	V	270706.5	N	N
1617at6231	II	3569537.0	B	B
1620at6231	I	1478483.5	A	A
1635at6231	III	9120905.5	C	C
1636at6231	X	4420453.5	X	X
1637at6231	II	4628634.0	B	B
1638at6231	IV	4127295.0	D	D
1639at6231	IV	7014329.0	D	D
1641at6231	II	5572215.5	B	B
1642at6231	IV	168092.0	D	D
1643at6231	III	4255419.5	C	C
1645at6231	I	7753302.5	A	A
1647at6231	II	6430550.0	B	B
1649at6231	I	2148043.5	A	A
1653at6231	I	6660390.0	A	A
1656at6231	III	7416978.5	C	C
1663at6231	X	10334248.0	E	E
1666at6231	V	4795986.0	C	C
1669at6231	X	5179249.0	E	E
1670at6231	X	5416256.5	E	E
1671at6231	X	4873836.5	E	E
1673at6231	I	7006205.0	A	A
1676at6231	II	5566102.0	NA	NA
1682at6231	I	2471375.0	A	A
1683at6231	III	4584389.5	C	C
1686at6231	III	9203508.0	E	E
1687at6231	IV	366205.0	D	D
1698at6231	II	8765262.0	B	B
1699at6231	III	7889127.0	C	C
1701at6231	I	4668626.0	NA	NA
1702at6231	I	985913.5	A	A
1704at6231	II	7676145.5	B	B
1705at6231	X	4045311.0	X	X
1706at6231	II	4541373.0	B	B
1712at6231	II	5585069.5	B	B
1713at6231	III	4760024.5	C	C
1715at6231	III	7337734.0	C	C
1724at6231	III	9375131.0	C	C
1739at6231	IV	4971264.0	D	D
1743at6231	V	8830488.0	N	N
1750at6231	IV	3072830.5	D	D
1754at6231	I	1755969.0	A	A
1757at6231	I	4491544.0	A	A
1759at6231	II	1192675.0	B	B
1761at6231	II	7323832.0	B	B
1762at6231	X	8949319.5	E	E
1770at6231	X	9705635.0	E	E
1771at6231	IV	4393123.0	D	D
1778at6231	I	5339022.0	A	A
1780at6231	II	4686458.0	B	B
1785at6231	III	6418162.0	C	C
1796at6231	V	6260864.0	NA	NA
1797at6231	V	7647802.0	N	N
1801at6231	IV	3691420.0	E	E
1817at6231	V	6622212.0	N	N
1821at6231	V	7956428.0	N	N
1822at6231	X	4981603.0	E	E
1823at6231	III	8240848.5	C	C
1831at6231	I	5636682.5	A	A
1835at6231	X	4088894.0	X	X
1837at6231	I	4497825.5	A	A
1838at6231	V	261200.5	E	E
1847at6231	IV	135624.0	D	D
1849at6231	III	2787314.0	C	C
1852at6231	III	9165850.0	C	C
1856at6231	I	7531837.0	A	A
1857at6231	III	9232237.0	NA	NA
1865at6231	V	3321403.0	E	E
1865at6231	X	9330270.0	E	E
1868at6231	III	4770902.0	NA	NA
1870at6231	IV	4646432.0	D	D
1871at6231	I	2524305.0	A	A
1872at6231	III	2953534.0	C	C
1873at6231	X	3300437.5	X	X
1877at6231	III	3506577.0	C	C
1884at6231	X	7222880.5	X	X
1885at6231	X	6962667.0	NA	NA
1887at6231	III	6443143.0	NA	NA
1890at6231	X	4342241.5	E	E
1894at6231	IV	6014483.0	D	D
1895at6231	IV	2993358.0	D	D
1898at6231	III	7204903.5	C	C
1899at6231	I	7313742.0	A	A
1900at6231	V	5267850.0	NA	NA
1914at6231	II	5770846.5	B	B
1915at6231	III	5893385.0	C	C
1918at6231	IV	198202.0	D	D
1920at6231	III	5324681.5	NA	NA
1920at6231	II	80740.5	NA	NA
1921at6231	III	6348833.0	C	C
1927at6231	V	7078126.0	N	N
1931at6231	I	8382528.0	A	A
1942at6231	II	2793364.0	B	B
1952at6231	III	4987085.0	NA	NA
1963at6231	III	4246369.5	C	C
1964at6231	X	7719490.5	X	X
1966at6231	X	8086992.0	X	X
1967at6231	I	5377644.0	A	A
1968at6231	III	4581704.5	C	C
1971at6231	I	5007246.0	A	A
1974at6231	X	3470275.0	X	X
1978at6231	I	3376074.5	A	A
1979at6231	I	7456970.0	A	A
1980at6231	I	6343396.0	A	A
1991at6231	V	7159396.5	N	N
1998at6231	III	7384941.0	C	C
2000at6231	III	7381680.0	C	C
2008at6231	V	7623533.0	N	N
2012at6231	I	4153159.5	A	A
2014at6231	II	6844961.5	B	B
2018at6231	X	4402245.5	E	E
2019at6231	II	1505657.0	NA	NA
2021at6231	V	410997.0	E	E
2022at6231	X	3277756.5	X	X
2023at6231	I	193235.0	A	A
2028at6231	II	1078060.0	B	B
2032at6231	I	6589290.0	A	A
2035at6231	I	5509730.5	A	A
2037at6231	X	6314911.5	NA	NA
2038at6231	II	4068266.5	E	E
2038at6231	X	8977636.0	E	E
2041at6231	I	5200399.0	A	A
2042at6231	II	3812678.0	B	B
2052at6231	III	6131893.0	C	C
2058at6231	III	3876934.0	C	C
2064at6231	I	7534430.0	A	A
2072at6231	I	7367040.5	A	A
2073at6231	I	5506227.0	A	A
2075at6231	X	4822092.0	E	E
2077at6231	IV	4727353.0	E	E
2080at6231	II	7385837.5	B	B
2081at6231	I	8503711.0	NA	NA
2085at6231	V	4608532.0	NA	NA
2089at6231	II	5405743.0	B	B
2092at6231	I	6010498.0	A	A
2093at6231	V	516355.0	NA	NA
2096at6231	III	3508523.0	C	C
2099at6231	III	6859014.0	C	C
2100at6231	X	2185978.0	X	X
2102at6231	IV	10890097.0	B	B
2103at6231	II	1689791.0	B	B
2104at6231	II	4021548.0	NA	NA
2105at6231	III	2717216.5	C	C
2107at6231	III	3485473.5	C	C
2112at6231	X	8973360.0	NA	NA
2115at6231	X	7832520.0	X	X
2116at6231	III	5145073.5	NA	NA
2116at6231	X	6897526.5	NA	NA
2118at6231	V	4995925.0	NA	NA
2119at6231	X	3159727.5	X	X
2120at6231	III	5785097.5	C	C
2125at6231	V	7845185.5	N	N
2126at6231	IV	3570910.0	NA	NA
2128at6231	X	5965895.5	E	E
2131at6231	V	503574.0	E	E
2132at6231	X	5008281.0	E	E
2133at6231	II	759022.5	NA	NA
2137at6231	X	8838717.0	E	E
2152at6231	X	9020049.5	E	E
2159at6231	V	5496638.0	N	N
2160at6231	IV	4161648.5	D	D
2163at6231	II	1959887.5	A	A
2164at6231	II	709699.0	B	B
2170at6231	III	3428752.5	C	C
2173at6231	II	4424715.5	B	B
2178at6231	III	8729714.0	C	C
2181at6231	IV	10272570.0	D	D
2182at6231	IV	7879597.0	A	A
2185at6231	X	4113226.5	X	X
2187at6231	I	751314.0	A	A
2198at6231	III	8934765.0	C	C
2202at6231	IV	298044.0	D	D
2204at6231	IV	707461.0	D	D
2206at6231	V	520664.0	N	N
2208at6231	X	7006287.0	X	X
2209at6231	III	6316409.0	NA	NA
2211at6231	IV	4567031.0	D	D
2213at6231	I	5570421.0	A	A
2220at6231	V	6407790.5	NA	NA
2228at6231	I	5162788.0	A	A
2229at6231	I	6450655.0	A	A
2232at6231	I	2647818.0	A	A
2236at6231	IV	5699921.5	E	E
2238at6231	I	8745083.0	NA	NA
2240at6231	I	3699707.5	A	A
2247at6231	V	7356019.0	N	N
2255at6231	I	2465190.0	A	A
2257at6231	III	896047.0	C	C
2267at6231	I	4674935.0	A	A
2268at6231	II	4568705.5	D	D
2270at6231	IV	6879915.0	D	D
2274at6231	X	10946500.0	E	E
2277at6231	II	1416889.5	B	B
2279at6231	II	7684736.5	C	C
2279at6231	III	720976.0	C	C
2281at6231	II	278617.5	B	B
2285at6231	III	3139148.0	NA	NA
2286at6231	III	1380813.0	C	C
2287at6231	III	8721556.0	C	C
2294at6231	I	4478557.0	NA	NA
2295at6231	V	9048171.0	N	N
2297at6231	II	2304888.0	B	B
2299at6231	I	1978322.0	A	A
2301at6231	II	664801.5	B	B
2302at6231	V	6016289.0	N	N
2304at6231	III	6499067.5	C	C
2308at6231	V	5208510.0	N	N
2311at6231	I	2764708.0	A	A
2312at6231	III	3170747.5	C	C
2313at6231	IV	7093333.5	D	D
2316at6231	II	1751032.0	NA	NA
2319at6231	I	6635286.0	NA	NA
2321at6231	X	4900824.0	E	E
2324at6231	III	2345554.0	C	C
2327at6231	V	891776.0	N	N
2329at6231	III	6457500.0	C	C
2332at6231	I	3686160.5	A	A
2338at6231	III	2235259.0	D	D
2338at6231	IV	52749.0	D	D
2339at6231	I	4790388.5	A	A
2341at6231	V	8317969.0	N	N
2342at6231	I	1946087.5	A	A
2345at6231	X	7261805.0	X	X
2351at6231	I	3536924.0	A	A
2353at6231	I	5393774.0	A	A
2356at6231	V	4649544.0	NA	NA
2357at6231	I	7236353.0	E	E
2367at6231	III	6894905.5	C	C
2368at6231	X	5986733.5	E	E
2369at6231	V	1838272.0	NA	NA
2370at6231	V	4831778.0	N	N
2378at6231	IV	2889636.5	NA	NA
2380at6231	III	3112069.0	C	C
2383at6231	II	71347.0	B	B
2384at6231	III	3153524.5	C	C
2387at6231	II	7543686.5	B	B
2390at6231	I	7664956.0	A	A
2393at6231	IV	4062979.5	D	D
2401at6231	III	1212458.5	B	B
2403at6231	V	7334566.0	N	N
2408at6231	II	3231080.0	B	B
2409at6231	I	8276224.0	A	A
2410at6231	I	3577762.0	A	A
2411at6231	IV	6941474.5	D	D
2418at6231	I	8252877.0	A	A
2419at6231	III	2776922.0	NA	NA
2420at6231	II	2420427.5	B	B
2422at6231	I	4294659.0	A	A
2423at6231	III	5493647.0	C	C
2424at6231	III	7808339.5	C	C
2426at6231	III	2981910.0	C	C
2427at6231	V	5420849.5	N	N
2430at6231	I	5818116.0	E	E
2431at6231	X	8253192.0	E	E
2436at6231	III	9027699.5	C	C
2437at6231	II	623432.0	B	B
2441at6231	II	118020.0	B	B
2449at6231	V	8974072.0	NA	NA
2453at6231	X	6456119.0	NA	NA
2454at6231	IV	3070348.0	D	D
2455at6231	X	2147026.5	NA	NA
2458at6231	III	3158863.0	NA	NA
2460at6231	X	9063773.0	E	E
2464at6231	X	2897346.5	E	E
2467at6231	V	5686047.0	N	N
2469at6231	II	7892570.5	B	B
2471at6231	I	2828004.5	A	A
2473at6231	I	4761067.0	NA	NA
2474at6231	X	3667037.0	X	X
2475at6231	X	8689367.5	E	E
2476at6231	X	4666951.5	E	E
2478at6231	III	3794593.5	C	C
2480at6231	V	7301448.5	N	N
2487at6231	II	5277501.0	B	B
2494at6231	I	7733255.0	A	A
2495at6231	III	4858872.0	C	C
2498at6231	I	3325678.0	A	A
2502at6231	II	2038778.0	NA	NA
2515at6231	III	9107641.0	C	C
2516at6231	III	4407172.0	C	C
2523at6231	IV	9926262.0	A	A
2524at6231	I	7292947.5	A	A
2527at6231	IV	4205598.0	D	D
2531at6231	III	5816024.5	C	C
2538at6231	I	2188535.5	A	A
2539at6231	IV	5509454.5	NA	NA
2544at6231	X	9826865.0	E	E
2545at6231	III	4075402.0	NA	NA
2546at6231	X	2388955.5	NA	NA
2547at6231	X	4494654.0	NA	NA
2550at6231	X	10820999.0	E	E
2551at6231	II	3650749.5	NA	NA
2554at6231	V	779600.0	NA	NA
2557at6231	II	3014792.5	B	B
2562at6231	X	11038684.5	E	E
2568at6231	X	7267732.5	X	X
2569at6231	V	5787389.5	N	N
2573at6231	III	6114154.0	C	C
2574at6231	X	6425356.0	X	X
2577at6231	IV	2585647.0	NA	NA
2581at6231	X	8658906.5	E	E
2582at6231	III	8323507.0	NA	NA
2595at6231	III	4420723.0	C	C
2600at6231	IV	4811178.5	NA	NA
2601at6231	IV	2503606.0	D	D
2605at6231	X	4096644.5	X	X
2611at6231	III	3203082.0	C	C
2614at6231	II	3630908.5	B	B
2618at6231	I	5168809.0	A	A
2622at6231	IV	2919763.0	D	D
2628at6231	V	6713361.0	NA	NA
2629at6231	I	5070715.0	A	A
2634at6231	V	7902305.0	NA	NA
2635at6231	III	4273105.0	E	E
2639at6231	III	5574497.0	C	C
2643at6231	II	7907644.0	B	B
2649at6231	II	6229476.0	B	B
2650at6231	V	8724940.0	N	N
2652at6231	I	5417614.0	A	A
2653at6231	V	6251761.5	N	N
2660at6231	V	6663022.5	N	N
2661at6231	X	7065199.0	NA	NA
2667at6231	I	48284.0	NA	NA
2668at6231	III	772898.0	C	C
2678at6231	III	4321778.5	C	C
2687at6231	V	5414821.5	N	N
2689at6231	V	6370742.5	NA	NA
2707at6231	IV	1846996.5	D	D
2710at6231	V	4930235.0	NA	NA
2712at6231	II	6570621.0	B	B
2714at6231	X	8747662.5	E	E
2725at6231	III	3323496.5	C	C
2732at6231	III	4316323.0	C	C
2754at6231	I	3703818.0	A	A
2756at6231	I	5192393.0	A	A
2757at6231	I	330734.0	A	A
2760at6231	I	26593.0	A	A
2761at6231	II	1277233.0	B	B
2764at6231	I	7723804.0	B	B
2769at6231	III	671765.5	E	E
2772at6231	IV	3675519.5	NA	NA
2773at6231	X	3405058.0	E	E
2774at6231	V	5886164.5	N	N
2778at6231	I	1628671.5	A	A
2782at6231	V	8427125.5	NA	NA
2786at6231	III	8313543.0	E	E
2792at6231	III	8888289.5	C	C
2795at6231	I	5938321.0	A	A
2800at6231	IV	4674037.5	NA	NA
2802at6231	III	5982767.5	NA	NA
2805at6231	IV	4129951.5	D	D
2811at6231	IV	3230625.0	D	D
2815at6231	I	5125891.0	A	A
2817at6231	III	2729893.0	C	C
2821at6231	X	7195543.5	X	X
2830at6231	III	3883263.0	C	C
2833at6231	X	5837497.5	E	E
2844at6231	X	3720361.5	X	X
2845at6231	III	6449454.0	C	C
2847at6231	X	5437018.5	E	E
2848at6231	IV	4152406.0	E	E
2858at6231	II	4376658.0	B	B
2859at6231	X	8402590.0	E	E
2862at6231	II	376425.5	B	B
2865at6231	III	3822608.0	C	C
2873at6231	III	3366784.5	NA	NA
2875at6231	X	8952831.0	E	E
2877at6231	II	5160610.0	B	B
2885at6231	IV	8152261.0	D	D
2889at6231	I	4495257.0	NA	NA
2890at6231	IV	3145204.5	D	D
2891at6231	I	7450741.0	A	A
2893at6231	I	8672080.5	A	A
2896at6231	X	1996272.5	NA	NA
2900at6231	IV	4506713.5	D	D
2906at6231	V	3046569.0	N	N
2918at6231	X	7602167.0	X	X
2927at6231	III	2956966.0	C	C
2931at6231	X	8307752.5	E	E
2933at6231	IV	3369716.5	D	D
2942at6231	V	5960992.0	E	E
2943at6231	IV	5287746.5	D	D
2946at6231	I	3630644.0	A	A
2948at6231	I	3831110.0	A	A
2950at6231	X	4747709.0	E	E
2951at6231	I	3639333.0	A	A
2952at6231	X	6218360.0	NA	NA
2956at6231	V	7605823.0	N	N
2957at6231	III	1151880.0	E	E
2959at6231	II	370366.0	NA	NA
2961at6231	X	4738383.0	E	E
2962at6231	V	9664298.0	N	N
2965at6231	I	1558122.0	NA	NA
2966at6231	I	4509422.0	A	A
2968at6231	V	8453026.0	NA	NA
2969at6231	II	3930183.0	NA	NA
2970at6231	IV	3237113.0	D	D
2982at6231	V	5280588.0	E	E
2989at6231	III	1552033.0	NA	NA
2990at6231	V	7367458.0	N	N
2991at6231	III	5033493.0	NA	NA
2992at6231	X	2845123.0	E	E
2997at6231	III	6676180.0	NA	NA
2999at6231	I	6973602.5	A	A
3008at6231	X	1891190.5	NA	NA
3010at6231	X	4135278.5	NA	NA
3012at6231	I	6133446.0	A	A
3014at6231	IV	2486859.0	D	D
3024at6231	V	7147642.5	N	N
3035at6231	III	5335025.0	C	C
3037at6231	X	3249205.5	X	X
3039at6231	I	4060551.0	A	A
3040at6231	IV	10446260.0	NA	NA
3047at6231	II	3562915.0	NA	NA
3051at6231	III	3352653.0	C	C
3058at6231	I	5464642.0	NA	NA
3059at6231	II	2255902.5	B	B
3060at6231	III	4806387.0	E	E
3063at6231	III	9321694.0	C	C
3064at6231	III	6678633.5	C	C
3070at6231	I	7881757.0	A	A
3074at6231	X	10140565.0	E	E
3077at6231	IV	6226414.0	A	A
3084at6231	III	6663676.0	C	C
3085at6231	IV	4976508.0	NA	NA
3086at6231	I	5562975.5	A	A
3088at6231	V	4231365.0	NA	NA
3089at6231	X	11021990.0	E	E
3091at6231	X	3664412.0	X	X
3097at6231	V	9206580.0	N	N
3103at6231	X	4102732.5	X	X
3108at6231	II	5496017.0	B	B
3112at6231	III	8622479.0	C	C
3122at6231	X	3582752.0	X	X
3125at6231	I	5462008.0	A	A
3129at6231	II	3362599.0	B	B
3153at6231	IV	1514325.5	NA	NA
3156at6231	II	4198442.0	B	B
3157at6231	I	4567332.0	A	A
3158at6231	X	9231224.0	E	E
3167at6231	II	3647931.0	B	B
3176at6231	IV	8466466.0	D	D
3178at6231	I	2933569.0	NA	NA
3178at6231	V	5206053.0	NA	NA
3182at6231	II	5729739.0	B	B
3183at6231	X	10296428.0	E	E
3191at6231	X	3176194.0	X	X
3193at6231	III	6749455.5	C	C
3196at6231	I	5175664.0	A	A
3205at6231	II	4635772.5	NA	NA
3209at6231	IV	574461.0	D	D
3211at6231	II	4130062.0	B	B
3214at6231	II	6838580.5	B	B
3215at6231	II	2500081.0	NA	NA
3218at6231	IV	4672106.5	D	D
3219at6231	I	1412761.0	A	A
3223at6231	V	9982718.5	NA	NA
3225at6231	X	9741644.0	E	E
3226at6231	II	4848084.0	B	B
3230at6231	V	5274454.0	NA	NA
3231at6231	III	6629262.0	C	C
3232at6231	III	2562904.5	NA	NA
3233at6231	I	1042553.0	NA	NA
3235at6231	I	4041540.0	A	A
3237at6231	IV	6727442.0	D	D
3239at6231	III	4287948.5	NA	NA
3240at6231	IV	4225154.5	NA	NA
3251at6231	II	3021050.0	B	B
3254at6231	III	9145936.5	C	C
3259at6231	I	8182430.0	A	A
3260at6231	I	2406792.0	A	A
3270at6231	I	7499907.5	NA	NA
3275at6231	III	8267169.0	C	C
3276at6231	X	4093816.0	X	X
3281at6231	IV	3112314.0	E	E
3281at6231	X	8432999.0	E	E
3288at6231	V	8198392.0	NA	NA
3291at6231	II	414079.0	NA	NA
3292at6231	II	1399333.5	B	B
3293at6231	I	5577725.0	A	A
3295at6231	I	4979833.0	A	A
3300at6231	IV	2608480.5	D	D
3302at6231	I	98681.5	NA	NA
3308at6231	II	7016599.5	B	B
3312at6231	II	5163891.0	B	B
3317at6231	II	2021978.0	B	B
3321at6231	III	9394546.5	C	C
3324at6231	X	8750271.0	E	E
3325at6231	II	4690457.0	B	B
3326at6231	I	5198935.5	A	A
3331at6231	I	3610259.0	A	A
3335at6231	I	712053.5	A	A
3340at6231	II	4759285.5	B	B
3344at6231	X	10893068.0	NA	NA
3345at6231	X	3543264.0	NA	NA
3347at6231	V	5782602.5	N	N
3349at6231	X	11152198.0	E	E
3350at6231	III	173429.0	C	C
3360at6231	IV	4969705.0	D	D
3366at6231	III	8336518.0	C	C
3369at6231	I	8000047.0	NA	NA
3373at6231	IV	3961319.0	NA	NA
3376at6231	I	8489481.5	A	A
3377at6231	III	6765235.0	C	C
3378at6231	I	957533.0	A	A
3379at6231	I	990420.5	A	A
3381at6231	I	1566252.0	A	A
3386at6231	V	512128.0	NA	NA
3388at6231	V	6822994.0	NA	NA
3393at6231	II	5001001.0	NA	NA
3396at6231	III	3095818.5	C	C
3398at6231	X	2582901.0	E	E
3401at6231	II	1515164.0	B	B
3403at6231	V	6097224.0	N	N
3404at6231	X	3996718.0	X	X
3408at6231	V	5826882.5	N	N
3411at6231	I	5051648.0	A	A
3412at6231	II	6334162.5	B	B
3414at6231	III	7874931.5	C	C
3417at6231	V	8404481.0	NA	NA
3419at6231	III	5142499.0	NA	NA
3420at6231	I	3296670.5	A	A
3422at6231	III	4399071.0	C	C
3433at6231	I	6799057.5	A	A
3434at6231	V	6185661.0	N	N
3442at6231	X	7582021.0	X	X
3444at6231	III	7219263.0	C	C
3445at6231	IV	4565163.0	D	D
3450at6231	I	8334080.0	A	A
3452at6231	III	6702625.5	C	C
3458at6231	I	3415228.0	NA	NA
3464at6231	X	1852997.5	X	X
3466at6231	III	6650013.0	C	C
3468at6231	III	7190981.0	NA	NA
3473at6231	II	8714551.5	NA	NA
3474at6231	V	8876929.0	NA	NA
3476at6231	I	1521636.0	A	A
3480at6231	III	4050267.5	C	C
3486at6231	X	9969822.0	E	E
3487at6231	I	1252338.5	NA	NA
3490at6231	X	3184782.5	X	X
3493at6231	X	4811249.0	E	E
3496at6231	II	4253037.0	B	B
3500at6231	IV	419571.5	D	D
3504at6231	V	4934778.0	N	N
3506at6231	III	2355113.0	C	C
3509at6231	I	3203032.0	C	C
3516at6231	I	7205926.0	A	A
3520at6231	III	3860312.5	C	C
3523at6231	V	8099170.5	N	N
3528at6231	II	8263869.5	NA	NA
3529at6231	I	3210076.5	NA	NA
3534at6231	III	7401426.0	C	C
3542at6231	III	1714564.5	C	C
3545at6231	I	1445304.0	E	E
3545at6231	X	5727920.0	E	E
3547at6231	II	4168480.0	B	B
3548at6231	I	126701.0	A	A
3550at6231	X	7500277.0	X	X
3552at6231	III	5616919.5	C	C
3553at6231	I	8185223.5	A	A
3553at6231	III	494794.5	A	A
3558at6231	I	2614927.0	A	A
3561at6231	X	8873194.0	E	E
3572at6231	III	9142371.0	C	C
3574at6231	X	6309500.5	NA	NA
3577at6231	I	5960160.0	A	A
3578at6231	I	5101320.0	A	A
3581at6231	III	7225952.0	NA	NA
3582at6231	III	3577626.5	NA	NA
3582at6231	X	4729650.0	NA	NA
3583at6231	X	390163.5	X	X
3584at6231	II	460763.0	B	B
3585at6231	I	7475120.5	A	A
3587at6231	IV	5785281.5	D	D
3593at6231	IV	3110185.0	D	D
3594at6231	II	8720669.5	B	B
3596at6231	I	2104547.0	A	A
3601at6231	III	6730233.0	C	C
3603at6231	III	4625969.5	NA	NA
3607at6231	I	7321391.0	E	E
3609at6231	I	1737269.0	A	A
3611at6231	V	1165940.0	NA	NA
3611at6231	V	1176813.0	NA	NA
3612at6231	I	5940914.0	A	A
3618at6231	I	6295271.0	C	C
3626at6231	I	8634950.5	NA	NA
3629at6231	X	3743960.5	X	X
3630at6231	X	5522520.0	E	E
3635at6231	II	3168878.5	B	B
3637at6231	I	3930568.0	A	A
3638at6231	IV	2235304.0	D	D
3640at6231	X	8436598.5	E	E
3642at6231	II	94178.0	B	B
3644at6231	I	756568.0	A	A
3653at6231	I	6318137.0	NA	NA
3654at6231	III	3769448.0	C	C
3659at6231	V	8387370.0	N	N
3660at6231	I	631416.0	A	A
3666at6231	IV	5582406.5	E	E
3666at6231	X	10422920.5	E	E
3667at6231	III	9441452.0	C	C
3669at6231	I	19083.5	NA	NA
3671at6231	I	3385527.5	A	A
3671at6231	I	3348958.0	A	A
3676at6231	I	6166983.0	A	A
3678at6231	I	2167169.0	A	A
3679at6231	X	6395717.5	X	X
3688at6231	IV	3830954.5	D	D
3693at6231	X	6682168.0	NA	NA
3696at6231	IV	3678220.0	D	D
3698at6231	V	414508.0	N	N
3699at6231	I	5514764.5	A	A
3701at6231	III	6908999.5	C	C
3712at6231	I	5490932.0	A	A
3719at6231	IV	1032385.0	D	D
3723at6231	IV	9980840.0	D	D
3727at6231	I	4445507.0	NA	NA
3732at6231	V	9874500.5	N	N
3741at6231	IV	3790961.0	NA	NA
3746at6231	X	3807926.0	X	X
3748at6231	II	6964943.0	B	B
3754at6231	X	3334509.5	X	X
3758at6231	III	5339345.5	C	C
3760at6231	III	5622668.5	C	C
3763at6231	III	9465291.0	C	C
3769at6231	III	5755861.5	C	C
3774at6231	III	3321052.5	C	C
3776at6231	III	3689961.0	C	C
3780at6231	III	9419772.0	C	C
3781at6231	III	8865043.0	C	C
3793at6231	I	2767358.5	A	A
3794at6231	I	7461856.0	NA	NA
3798at6231	X	10901223.5	E	E
3802at6231	II	4462136.5	NA	NA
3816at6231	I	5347166.0	A	A
3821at6231	II	2004831.5	B	B
3827at6231	I	2809307.0	NA	NA
3828at6231	IV	3285197.0	D	D
3830at6231	I	4122153.0	E	E
3835at6231	IV	3493828.5	D	D
3836at6231	III	5787685.5	C	C
3839at6231	V	9389197.0	NA	NA
3842at6231	III	8931738.0	C	C
3843at6231	II	7539411.5	B	B
3845at6231	X	4273862.0	X	X
3850at6231	X	7489260.0	X	X
3852at6231	I	3116927.0	A	A
3853at6231	I	2777928.0	B	B
3857at6231	II	5914045.5	B	B
3863at6231	I	4890711.5	A	A
3869at6231	I	7999879.5	A	A
3871at6231	V	4237402.0	E	E
3878at6231	V	9680565.0	N	N
3879at6231	I	7673043.5	A	A
3880at6231	I	8450277.0	A	A
3885at6231	III	4683193.0	C	C
3887at6231	I	7318469.0	E	E
3887at6231	X	9552537.0	E	E
3891at6231	IV	2735173.5	D	D
3892at6231	II	5010032.0	NA	NA
3894at6231	I	1625784.5	A	A
3903at6231	I	5590669.0	A	A
3907at6231	I	3708968.0	A	A
3908at6231	V	6929215.0	E	E
3908at6231	X	9148019.0	E	E
3915at6231	II	4316386.5	NA	NA
3919at6231	III	9437999.5	C	C
3927at6231	V	4536867.0	N	N
3929at6231	III	4793689.0	C	C
3930at6231	II	5671194.0	B	B
3931at6231	III	5286562.5	C	C
3933at6231	X	2506955.0	NA	NA
3935at6231	X	9529136.0	E	E
3939at6231	III	3648174.0	NA	NA
3944at6231	II	6833612.5	NA	NA
3947at6231	X	4108855.5	X	X
3951at6231	II	2441564.0	B	B
3952at6231	II	1320617.0	B	B
3954at6231	IV	4504948.0	D	D
3957at6231	III	6401965.5	C	C
3960at6231	III	128535.0	C	C
3962at6231	IV	4519781.0	NA	NA
3963at6231	II	5135626.0	B	B
3968at6231	III	7674632.0	C	C
3969at6231	X	5795205.0	E	E
3970at6231	I	6270809.5	A	A
3971at6231	II	4248650.0	NA	NA
3976at6231	I	6235194.5	A	A
3987at6231	V	7821649.0	NA	NA
3989at6231	X	3781272.0	X	X
3990at6231	X	6915880.5	NA	NA
3992at6231	III	9184678.0	C	C
3993at6231	V	5019708.5	N	N
3995at6231	I	1704537.5	A	A
4001at6231	II	5008430.0	B	B
4003at6231	IV	5355877.0	NA	NA
4008at6231	II	1210709.0	B	B
4013at6231	IV	3672012.0	D	D
4026at6231	II	1120525.5	B	B
4030at6231	IV	5512119.0	D	D
4046at6231	III	4348959.5	C	C
4050at6231	III	8296763.5	C	C
4054at6231	I	1561730.0	E	E
4055at6231	X	300728.5	X	X
4059at6231	III	5302229.5	NA	NA
4061at6231	III	6428036.5	C	C
4063at6231	I	4744364.0	A	A
4069at6231	X	9548259.0	E	E
4071at6231	III	2150537.5	C	C
4072at6231	II	7713888.0	B	B
4075at6231	IV	3603127.0	D	D
4076at6231	IV	5774568.0	NA	NA
4088at6231	III	9486641.5	C	C
4089at6231	IV	4627974.0	D	D
4093at6231	V	8907134.5	N	N
4094at6231	X	6874868.0	NA	NA
4098at6231	I	8476283.5	A	A
4104at6231	III	137585.0	C	C
4106at6231	I	7738896.0	A	A
4108at6231	I	6791762.0	NA	NA
4112at6231	IV	4204630.0	NA	NA
4120at6231	III	7286762.5	C	C
4123at6231	X	2391194.0	NA	NA
4123at6231	I	3553895.0	NA	NA
4125at6231	III	9405559.0	NA	NA
4128at6231	II	7635868.0	E	E
4130at6231	III	7477071.0	C	C
4132at6231	I	5437049.5	A	A
4137at6231	II	5014641.5	B	B
4147at6231	II	8863664.5	B	B
4150at6231	IV	4601722.0	D	D
4151at6231	I	292793.0	A	A
4153at6231	III	3384689.5	C	C
4155at6231	V	5830968.0	NA	NA
4161at6231	IV	2926976.0	D	D
4166at6231	I	3606361.0	A	A
4168at6231	I	3812648.5	A	A
4171at6231	V	5690352.0	NA	NA
4173at6231	I	2588573.5	A	A
4176at6231	IV	6369262.0	D	D
4178at6231	X	4855095.0	E	E
4181at6231	III	3826683.0	C	C
4182at6231	I	7412454.0	A	A
4183at6231	III	9046918.5	NA	NA
4192at6231	II	5841831.0	B	B
4197at6231	IV	4667524.0	NA	NA
4202at6231	I	4519376.5	A	A
4208at6231	I	6893478.5	A	A
4209at6231	III	3621481.5	E	E
4209at6231	X	10524710.5	E	E
4211at6231	III	3274578.0	C	C
4213at6231	I	6312844.0	A	A
4225at6231	II	3616096.0	B	B
4226at6231	I	4448520.0	A	A
4230at6231	III	3248415.0	C	C
4231at6231	II	7600842.0	B	B
4237at6231	II	4249582.0	B	B
4238at6231	V	4393081.5	N	N
4242at6231	IV	3048648.0	D	D
4246at6231	I	3099134.5	A	A
4248at6231	IV	3865182.5	NA	NA
4258at6231	I	7062151.0	A	A
4265at6231	X	6800492.5	X	X
4269at6231	IV	4304779.0	NA	NA
4272at6231	IV	4197392.0	D	D
4275at6231	X	1787509.5	NA	NA
4277at6231	V	9096355.0	N	N
4282at6231	X	3487697.5	X	X
4285at6231	III	3596470.5	C	C
4289at6231	IV	3783014.0	D	D
4293at6231	III	4707434.0	NA	NA
4296at6231	II	4670398.0	B	B
4301at6231	I	5190557.0	A	A
4303at6231	IV	6492364.5	D	D
4307at6231	V	4058751.0	N	N
4310at6231	I	7488953.0	A	A
4316at6231	III	1223433.0	C	C
4316at6231	III	1220407.0	C	C
4318at6231	X	10917547.0	C	C
4320at6231	IV	2651902.0	D	D
4337at6231	II	5549000.0	B	B
4338at6231	V	6639618.0	N	N
4340at6231	V	8300493.5	N	N
4345at6231	II	1611205.0	B	B
4355at6231	X	7247568.5	X	X
4357at6231	X	10455263.0	E	E
4359at6231	I	2198811.5	A	A
4364at6231	III	9237851.5	C	C
4368at6231	IV	8766899.0	D	D
4389at6231	IV	9418262.5	D	D
4404at6231	III	7240891.0	C	C
4405at6231	II	8918363.0	B	B
4407at6231	II	8193954.0	B	B
4412at6231	II	4613473.5	B	B
4415at6231	III	9037044.5	C	C
4417at6231	I	4117632.0	D	D
4422at6231	III	4181092.0	C	C
4424at6231	I	8614600.0	A	A
4427at6231	X	3015226.5	X	X
4428at6231	IV	1314594.0	NA	NA
4435at6231	V	5814186.0	NA	NA
4436at6231	III	4551557.0	C	C
4444at6231	IV	5995220.0	D	D
4454at6231	II	6532218.0	B	B
4457at6231	V	377186.0	N	N
4458at6231	III	620007.0	C	C
4461at6231	I	1655056.5	A	A
4465at6231	X	10874675.0	E	E
4468at6231	I	7346545.0	A	A
4476at6231	X	8875865.0	NA	NA
4482at6231	I	2618145.0	NA	NA
4483at6231	X	5644432.5	E	E
4485at6231	I	8355493.0	NA	NA
4487at6231	II	4388931.0	B	B
4489at6231	I	5996243.0	A	A
4492at6231	III	777547.0	NA	NA
4498at6231	X	4226394.0	X	X
4499at6231	I	2090221.5	A	A
4504at6231	X	2358777.0	E	E
4509at6231	II	4505431.0	B	B
4512at6231	I	8616774.0	A	A
4516at6231	I	7720924.0	B	B
4519at6231	I	6193073.5	A	A
4521at6231	II	2916813.5	B	B
4525at6231	III	5156795.0	C	C
4526at6231	V	62976.0	N	N
4532at6231	II	4525994.0	B	B
4536at6231	III	3318226.5	C	C
4539at6231	III	5829798.5	C	C
4540at6231	II	7899080.0	B	B
4542at6231	V	4461160.0	N	N
4548at6231	III	889291.0	E	E
4549at6231	X	10569989.5	E	E
4551at6231	IV	3650086.5	D	D
4559at6231	I	8247937.0	NA	NA
4561at6231	X	6494025.5	NA	NA
4572at6231	IV	2442749.0	D	D
4578at6231	IV	4707898.0	NA	NA
4579at6231	V	7508323.0	NA	NA
4580at6231	III	7786261.0	C	C
4581at6231	II	4982243.0	NA	NA
4585at6231	X	5404697.0	E	E
4586at6231	I	8567901.5	A	A
4588at6231	I	5242790.5	E	E
4593at6231	II	2205513.5	B	B
4594at6231	II	7810931.5	B	B
4597at6231	X	7338087.0	X	X
4598at6231	I	6004772.5	A	A
4607at6231	V	4072228.5	NA	NA
4611at6231	I	3668264.0	A	A
4612at6231	II	28314.0	B	B
4621at6231	II	1357802.0	B	B
4622at6231	III	9096997.0	C	C
4635at6231	III	8861229.0	C	C
4639at6231	IV	4713118.0	D	D
4642at6231	X	3282618.0	NA	NA
4650at6231	V	3488732.5	B	B
4657at6231	I	4299667.0	A	A
4661at6231	X	1932975.0	X	X
4669at6231	X	3873602.0	X	X
4670at6231	X	4038224.0	NA	NA
4673at6231	IV	9675390.0	D	D
4675at6231	III	4887544.5	C	C
4679at6231	III	9277649.5	C	C
4680at6231	II	2562723.0	B	B
4690at6231	III	7045584.0	C	C
4690at6231	X	1881698.0	C	C
4692at6231	I	110583.0	A	A
4702at6231	I	1577185.5	A	A
4703at6231	III	8446841.0	C	C
4719at6231	X	3061207.5	NA	NA
4722at6231	II	4306091.0	B	B
4723at6231	II	4118758.0	B	B
4726at6231	III	6095302.0	C	C
4731at6231	III	8378190.0	C	C
4735at6231	I	4563239.0	A	A
4739at6231	III	6411043.0	C	C
4746at6231	I	2994631.0	E	E
4747at6231	III	4874383.0	NA	NA
4750at6231	I	7585905.0	A	A
4752at6231	II	48253.0	B	B
4754at6231	X	9373016.5	E	E
4756at6231	X	10526830.0	NA	NA
4757at6231	III	4252552.0	C	C
4759at6231	III	2705936.0	C	C
4760at6231	III	3664674.0	C	C
4763at6231	I	8526000.0	A	A
4766at6231	I	8315697.0	A	A
4771at6231	II	2207536.5	B	B
4775at6231	V	4827252.0	N	N
4776at6231	IV	5498905.5	D	D
4777at6231	I	6815234.5	A	A
4779at6231	X	5933563.0	E	E
4780at6231	I	8148859.0	A	A
4786at6231	II	4579130.0	B	B
4793at6231	X	2477412.5	E	E
4794at6231	III	892033.0	E	E
4797at6231	V	3096321.5	NA	NA
4798at6231	V	8905085.0	NA	NA
4799at6231	II	3440980.0	B	B
4801at6231	IV	3422098.0	NA	NA
4802at6231	I	3808043.5	A	A
4804at6231	I	5640884.0	A	A
4806at6231	III	3875021.5	NA	NA
4811at6231	I	5103438.0	A	A
4814at6231	IV	3158961.5	NA	NA
4815at6231	X	8474809.0	E	E
4816at6231	II	7202107.5	B	B
4825at6231	III	2867472.0	C	C
4826at6231	I	7400962.0	A	A
4834at6231	I	1889912.0	E	E
4839at6231	II	5157335.0	B	B
4848at6231	III	7372354.5	C	C
4856at6231	I	993346.0	A	A
4859at6231	III	3674161.0	C	C
4861at6231	II	4122466.5	B	B
4863at6231	I	599976.0	A	A
4869at6231	I	7048049.0	A	A
4871at6231	X	1660630.0	NA	NA
4873at6231	II	173471.0	B	B
4877at6231	I	1103605.5	A	A
4879at6231	X	6916927.5	NA	NA
4881at6231	III	8221245.5	C	C
4883at6231	V	4492146.0	N	N
4887at6231	I	5442712.0	A	A
4894at6231	X	4756567.5	E	E
4895at6231	II	6376388.0	B	B
4900at6231	II	7391529.0	B	B
4903at6231	II	3460429.0	B	B
4905at6231	X	3402233.5	E	E
4906at6231	X	3408057.0	E	E
4910at6231	X	3279551.0	X	X
4913at6231	II	45498.0	B	B
4918at6231	II	4631845.0	B	B
4919at6231	I	4118245.5	E	E
4925at6231	III	3640622.0	C	C
4930at6231	I	4145958.0	A	A
4932at6231	IV	4138734.0	D	D
4940at6231	III	31370.0	C	C
4942at6231	III	5135540.0	NA	NA
4950at6231	V	7143487.0	NA	NA
4951at6231	III	1612565.5	E	E
4961at6231	II	2783964.0	B	B
4968at6231	II	349496.5	E	E
4973at6231	X	10477562.0	E	E
4977at6231	V	9870328.5	N	N
4978at6231	III	3315742.5	C	C
4982at6231	II	5734038.5	B	B
4983at6231	X	753855.0	NA	NA
4985at6231	III	7677718.0	C	C
4988at6231	IV	3825219.5	D	D
4991at6231	X	6594162.5	X	X
4992at6231	II	4915596.0	B	B
4993at6231	I	4565120.0	A	A
4998at6231	I	1644572.0	NA	NA
5001at6231	II	4726854.5	B	B
5009at6231	IV	4711350.0	D	D
5011at6231	X	7242669.5	NA	NA
5013at6231	I	1646944.0	A	A
5016at6231	X	10540416.0	E	E
5017at6231	IV	350089.5	D	D
5019at6231	X	4863765.0	E	E
5021at6231	X	3018018.0	NA	NA
5038at6231	III	8450325.0	C	C
5044at6231	III	5702257.0	C	C
5045at6231	X	5639256.0	E	E
5057at6231	V	5665421.0	N	N
5061at6231	X	10473250.0	NA	NA
5062at6231	III	8854549.0	C	C
5070at6231	I	812339.0	A	A
5071at6231	V	4644193.0	NA	NA
5074at6231	III	8594188.5	C	C
5082at6231	I	8583225.0	A	A
5083at6231	III	4654453.0	C	C
5087at6231	III	851750.0	C	C
5088at6231	I	5269499.0	NA	NA
5090at6231	I	6655246.5	A	A
5091at6231	III	2037382.0	NA	NA
5096at6231	II	4608983.0	B	B
5103at6231	IV	4901655.0	D	D
5113at6231	V	3896038.0	NA	NA
5115at6231	IV	164515.0	NA	NA
5117at6231	III	6258671.5	C	C
5127at6231	IV	2309186.5	NA	NA
5131at6231	III	3445063.0	C	C
5132at6231	X	6559419.0	X	X
5135at6231	III	3068138.0	C	C
5136at6231	II	6856507.0	NA	NA
5142at6231	I	1488198.0	A	A
5147at6231	II	5435585.0	B	B
5156at6231	III	7051072.0	C	C
5158at6231	V	9909661.0	N	N
5165at6231	V	4437992.5	N	N
5179at6231	II	3154505.0	B	B
5188at6231	X	4918323.5	E	E
5189at6231	III	8833576.5	C	C
5191at6231	III	111048.0	C	C
5197at6231	I	7716023.0	NA	NA
5198at6231	III	3227602.0	C	C
5199at6231	I	7922403.5	A	A
5200at6231	IV	5459087.0	NA	NA
5202at6231	I	7736355.0	A	A
5207at6231	II	59705.5	B	B
5208at6231	V	4233120.0	N	N
5220at6231	V	1393478.0	NA	NA
5229at6231	III	2651174.0	NA	NA
5240at6231	I	4701958.0	A	A
5248at6231	III	6637227.0	C	C
5249at6231	II	3497468.0	B	B
5251at6231	III	5804047.0	C	C
5256at6231	I	7365923.0	NA	NA
5261at6231	IV	3623360.0	NA	NA
5263at6231	IV	5997984.0	D	D
5268at6231	I	1622688.0	A	A
5269at6231	IV	2955382.0	NA	NA
5276at6231	I	4996679.0	A	A
5280at6231	I	8404877.0	A	A
5283at6231	II	7566778.0	B	B
5285at6231	II	3979399.0	B	B
5289at6231	V	4247088.0	N	N
5290at6231	II	627387.0	B	B
5291at6231	III	3796934.0	C	C
5294at6231	II	5016356.0	B	B
5295at6231	II	7690516.0	NA	NA
5296at6231	X	7319164.0	NA	NA
5297at6231	IV	4460903.0	NA	NA
5298at6231	X	11066773.0	E	E
5299at6231	I	4459067.0	A	A
5306at6231	IV	4692768.0	D	D
5309at6231	III	9001661.0	C	C
5311at6231	I	8441546.0	A	A
5318at6231	IV	10824944.5	D	D
5319at6231	X	10880086.0	E	E
5324at6231	X	7408013.0	NA	NA
5330at6231	I	8378028.0	A	A
5334at6231	III	4826968.0	NA	NA
5340at6231	III	8062115.0	C	C
5342at6231	IV	4897127.0	D	D
5344at6231	X	5151883.0	E	E
5347at6231	II	91227.0	B	B
5351at6231	II	1094557.0	B	B
5357at6231	II	7368062.0	B	B
5363at6231	X	7075158.5	X	X
5364at6231	I	5545392.0	A	A
5365at6231	I	140896.0	NA	NA
5371at6231	V	9812101.0	N	N
5373at6231	X	10112834.0	NA	NA
5379at6231	I	373202.5	NA	NA
5386at6231	I	6351205.0	NA	NA
5387at6231	III	9558271.0	C	C
5398at6231	X	9031810.5	E	E
5406at6231	II	5221129.0	B	B
5408at6231	IV	5999582.0	NA	NA
5415at6231	II	1298658.0	B	B
5420at6231	III	3061439.0	C	C
5434at6231	V	7161235.0	NA	NA
5440at6231	II	1330545.0	B	B
5441at6231	V	5337847.5	N	N
5441at6231	II	8573334.5	N	N
5441at6231	I	6176462.5	N	N
5449at6231	IV	10527971.5	E	E
5451at6231	I	5789281.5	NA	NA
5452at6231	II	6446953.0	B	B
5458at6231	III	4192843.0	C	C
5465at6231	IV	5704095.5	D	D
5466at6231	I	6238449.5	A	A
5469at6231	V	9302400.5	N	N
5470at6231	I	7548512.0	A	A
5472at6231	V	9272578.5	NA	NA
5480at6231	V	6877058.0	N	N
5481at6231	I	8153027.0	A	A
5482at6231	II	7411620.0	B	B
5484at6231	I	7729965.0	A	A
5487at6231	V	3479578.5	NA	NA
5488at6231	V	5350573.0	N	N
5490at6231	III	9461996.0	C	C
5499at6231	IV	2564850.0	D	D
5501at6231	III	3932177.5	NA	NA
5502at6231	V	6963505.0	N	N
5505at6231	I	1375085.5	A	A
5508at6231	X	10774339.5	E	E
5510at6231	X	8205567.0	E	E
5513at6231	V	2958185.0	N	N
5514at6231	I	1961696.5	NA	NA
5515at6231	III	5552283.5	NA	NA
5515at6231	IV	2911881.5	NA	NA
5517at6231	III	3478340.5	C	C
5521at6231	I	5499312.0	A	A
5522at6231	X	4179140.0	NA	NA
5535at6231	III	4808118.0	C	C
5541at6231	III	8245937.0	C	C
5542at6231	I	118645.5	A	A
5545at6231	II	4427719.5	B	B
5548at6231	V	738152.0	N	N
5556at6231	II	7916012.0	B	B
5566at6231	I	4743130.0	A	A
5569at6231	II	2392607.0	B	B
5572at6231	IV	3749963.0	D	D
5574at6231	II	6142252.5	B	B
5576at6231	I	3124143.5	E	E
5576at6231	X	8235557.0	E	E
5579at6231	I	5135477.0	NA	NA
5581at6231	I	6540306.5	NA	NA
5585at6231	I	1554307.0	A	A
5594at6231	V	4106488.0	NA	NA
5597at6231	I	7056139.0	NA	NA
5600at6231	II	8330252.0	NA	NA
5607at6231	III	4681201.0	C	C
5608at6231	I	935429.5	A	A
5610at6231	I	7046006.0	NA	NA
5611at6231	I	3673674.0	A	A
5614at6231	IV	1464386.5	D	D
5616at6231	II	2884921.0	E	E
5621at6231	I	4764256.0	A	A
5626at6231	III	848530.0	C	C
5634at6231	V	8737555.0	NA	NA
5643at6231	V	172137.0	NA	NA
5647at6231	V	5150983.5	NA	NA
5648at6231	III	8734816.0	C	C
5652at6231	I	3445080.0	A	A
5655at6231	I	4178741.0	A	A
5664at6231	X	5651987.5	E	E
5664at6231	V	3885652.0	E	E
5668at6231	III	3858580.0	C	C
5671at6231	III	3838727.0	C	C
5685at6231	X	7955750.0	NA	NA
5693at6231	IV	3317874.5	D	D
5694at6231	X	10853601.0	E	E
5703at6231	I	4037427.0	A	A
5705at6231	I	4826392.0	NA	NA
5707at6231	III	6122217.0	C	C
5714at6231	I	2575424.5	A	A
5715at6231	I	3371901.5	A	A
5717at6231	I	5249399.0	E	E
5718at6231	IV	694104.5	C	C
5725at6231	V	7360586.0	NA	NA
5726at6231	II	1771998.5	NA	NA
5737at6231	IV	4630677.0	NA	NA
5739at6231	II	2882038.5	B	B
5740at6231	I	6265642.0	A	A
5741at6231	III	1476629.0	C	C
5748at6231	V	3826956.5	N	N
5750at6231	II	4761057.0	B	B
5752at6231	V	387349.5	N	N
5754at6231	V	9563088.0	N	N
5755at6231	V	6309219.5	N	N
5761at6231	I	5706156.0	A	A
5767at6231	I	8340094.0	A	A
5769at6231	III	3291298.0	C	C
5770at6231	I	4740550.0	A	A
5771at6231	X	4321019.5	E	E
5773at6231	I	8187981.0	A	A
5779at6231	II	5879283.0	B	B
5785at6231	I	1436684.0	A	A
5787at6231	IV	11002575.5	NA	NA
5789at6231	I	4441282.5	A	A
5793at6231	II	7735792.0	NA	NA
5799at6231	II	8105529.0	E	E
5800at6231	I	8267664.5	A	A
5805at6231	IV	2631839.0	NA	NA
5806at6231	II	5282700.0	B	B
5807at6231	IV	3515260.0	D	D
5811at6231	I	5251037.0	A	A
5812at6231	X	4136944.0	NA	NA
5818at6231	III	5320255.0	NA	NA
5818at6231	III	5322110.0	NA	NA
5822at6231	II	7374562.5	B	B
5827at6231	III	5676465.5	NA	NA
5833at6231	II	767952.0	NA	NA
5834at6231	III	7049039.0	C	C
5839at6231	II	3654585.0	B	B
5844at6231	IV	1600076.0	NA	NA
5849at6231	V	6576250.0	NA	NA
5854at6231	IV	2949429.5	NA	NA
5855at6231	IV	1231312.0	NA	NA
5856at6231	IV	306751.5	D	D
5858at6231	V	4071296.0	N	N
5862at6231	II	3038460.5	B	B
5864at6231	I	5262644.0	A	A
5868at6231	I	4194871.5	A	A
5869at6231	IV	3998714.5	D	D
5872at6231	V	7973086.0	N	N
5875at6231	X	8989462.0	E	E
5882at6231	III	3847708.0	NA	NA
5885at6231	II	5736358.5	B	B
5888at6231	III	4290884.5	C	C
5891at6231	III	7458807.0	C	C
5892at6231	II	5994158.0	B	B
5895at6231	I	6322811.0	A	A
5900at6231	I	5518715.0	A	A
5901at6231	I	2085919.0	NA	NA
5909at6231	V	5403077.5	N	N
5913at6231	II	7334691.0	NA	NA
5915at6231	III	9279967.0	C	C
5916at6231	III	723190.0	C	C
5919at6231	II	4246425.0	B	B
5923at6231	V	9537205.0	NA	NA
5925at6231	I	7327682.5	A	A
5928at6231	II	8488821.0	B	B
5930at6231	III	9583214.0	B	B
5945at6231	III	2790322.0	C	C
5952at6231	I	4721025.5	A	A
5957at6231	I	7574976.0	A	A
5962at6231	III	7355813.0	C	C
5965at6231	II	5698187.0	B	B
5974at6231	V	9829842.5	N	N
5977at6231	III	2882397.0	NA	NA
5978at6231	I	7104731.0	NA	NA
5979at6231	II	1913984.5	B	B
5988at6231	X	6454746.0	X	X
5996at6231	X	5012107.0	E	E
5997at6231	V	8953817.5	N	N
5999at6231	X	444414.5	NA	NA
6012at6231	X	10486179.0	E	E
6021at6231	II	7096396.0	B	B
6022at6231	III	6399132.5	C	C
6023at6231	I	8606459.5	A	A
6028at6231	III	8740367.5	C	C
6031at6231	III	3735679.5	C	C
6032at6231	IV	10152298.0	NA	NA
6036at6231	IV	3835874.5	NA	NA
6041at6231	I	7364303.5	A	A
6046at6231	IV	10521894.0	D	D
6052at6231	II	359600.0	NA	NA
6060at6231	III	5684964.0	NA	NA
6065at6231	I	6046432.5	A	A
6080at6231	III	714483.5	C	C
6081at6231	IV	5770418.0	E	E
6082at6231	IV	267525.0	NA	NA
6083at6231	II	6501888.0	B	B
6102at6231	X	3554863.0	X	X
6103at6231	IV	201463.5	NA	NA
6104at6231	X	7686713.0	X	X
6105at6231	IV	3160740.5	NA	NA
6106at6231	III	2722917.0	NA	NA
6111at6231	I	3551358.0	A	A
6115at6231	II	2584761.0	B	B
6122at6231	III	3030443.5	C	C
6127at6231	V	1115365.0	N	N
6132at6231	IV	4841097.0	D	D
6134at6231	V	7186017.5	NA	NA
6137at6231	II	5899823.0	B	B
6138at6231	I	5356768.0	A	A
6146at6231	II	4733485.0	B	B
6148at6231	IV	4876066.5	D	D
6156at6231	III	738487.0	NA	NA
6167at6231	I	1669167.5	A	A
6168at6231	III	7135897.5	NA	NA
6172at6231	III	2680619.0	C	C
6176at6231	IV	2832051.5	D	D
6182at6231	IV	4767331.0	NA	NA
6186at6231	III	8727063.0	C	C
6186at6231	I	1500031.0	C	C
6192at6231	IV	4452358.5	D	D
6193at6231	I	5384329.0	A	A
6195at6231	IV	2298226.5	D	D
6197at6231	X	4080220.5	X	X
6202at6231	II	1820234.5	B	B
6207at6231	I	8458363.0	A	A
6209at6231	X	2668007.5	NA	NA
6210at6231	I	8005139.0	A	A
6214at6231	I	2931052.0	A	A
6218at6231	V	5335753.5	N	N
6222at6231	IV	212375.0	NA	NA
6224at6231	I	6923892.0	NA	NA
6233at6231	II	3756908.0	NA	NA
6233at6231	V	6811254.0	NA	NA
6234at6231	IV	4147932.0	E	E
6237at6231	I	2050924.0	N	N
6240at6231	I	3168416.5	A	A
6250at6231	II	6095438.5	B	B
6254at6231	II	3369383.5	B	B
6265at6231	X	9341409.0	E	E
6268at6231	IV	4923875.0	D	D
6269at6231	III	5401284.0	C	C
6270at6231	I	3623358.0	NA	NA
6282at6231	III	3677216.0	C	C
6299at6231	I	6359959.0	NA	NA
6300at6231	V	4406075.0	N	N
6302at6231	III	7983064.0	E	E
6303at6231	X	10615926.5	E	E
6305at6231	II	558288.0	B	B
6309at6231	III	1239268.0	C	C
6310at6231	III	2733142.5	C	C
6311at6231	II	6771212.0	B	B
6318at6231	III	6786893.0	C	C
6328at6231	II	6551060.0	B	B
6333at6231	V	3911517.0	N	N
6338at6231	III	9177584.0	NA	NA
6340at6231	III	4937846.5	C	C
6348at6231	V	4707195.0	N	N
6350at6231	I	3843313.5	A	A
6360at6231	I	3895880.5	A	A
6364at6231	I	6125597.5	NA	NA
6366at6231	III	3730109.5	C	C
6374at6231	IV	4259323.0	D	D
6379at6231	II	3792516.5	B	B
6387at6231	X	8446184.5	NA	NA
6402at6231	III	3772661.0	C	C
6415at6231	III	6421577.5	C	C
6418at6231	III	2094858.0	NA	NA
6423at6231	X	3426460.0	E	E
6427at6231	II	8716888.5	B	B
6434at6231	IV	4258567.0	D	D
6438at6231	V	3115409.5	N	N
6440at6231	I	7900949.0	A	A
6448at6231	I	2047391.0	B	B
6451at6231	II	7231079.0	B	B
6462at6231	III	6126332.5	C	C
6476at6231	I	8190396.0	NA	NA
6479at6231	V	8650742.0	N	N
6481at6231	V	4277123.0	NA	NA
6482at6231	II	7192920.0	NA	NA
6487at6231	II	5226221.0	B	B
6496at6231	I	8571514.0	A	A
6503at6231	V	7810238.5	N	N
6507at6231	III	6171462.5	NA	NA
6514at6231	X	4390898.5	E	E
6523at6231	V	12659.0	NA	NA
6531at6231	II	7080634.5	NA	NA
6532at6231	II	3455182.0	NA	NA
6538at6231	III	5149728.5	C	C
6553at6231	III	4045881.0	C	C
6557at6231	II	1270319.0	B	B
6566at6231	III	4588301.0	C	C
6569at6231	III	7428921.5	C	C
6570at6231	V	4186186.0	N	N
6571at6231	III	28586.0	C	C
6590at6231	I	8125323.0	A	A
6594at6231	V	697435.0	N	N
6597at6231	I	4972413.0	A	A
6599at6231	III	8928638.5	C	C
6600at6231	III	5750486.0	C	C
6601at6231	II	4637940.5	NA	NA
6610at6231	III	281625.0	C	C
6614at6231	II	4498666.0	B	B
6628at6231	III	2802619.0	C	C
6630at6231	III	8892285.0	E	E
6635at6231	IV	4387740.0	D	D
6636at6231	II	8600093.0	B	B
6637at6231	V	6081735.5	NA	NA
6642at6231	I	4126138.0	A	A
6643at6231	II	3101188.0	NA	NA
6649at6231	II	4765759.0	B	B
6652at6231	II	3785062.5	B	B
6663at6231	I	8003408.5	A	A
6666at6231	I	1377899.5	A	A
6671at6231	IV	2654592.5	D	D
6673at6231	I	8545686.5	A	A
6675at6231	I	4672658.5	NA	NA
6679at6231	III	3094388.0	C	C
6683at6231	V	8154834.5	NA	NA
6686at6231	I	3743324.0	A	A
6687at6231	X	3010007.0	NA	NA
6690at6231	X	5279747.0	NA	NA
6690at6231	IV	8903856.0	NA	NA
6693at6231	X	8848942.0	E	E
6703at6231	I	6860935.5	A	A
6704at6231	IV	2944298.0	D	D
6706at6231	I	8827220.0	A	A
6707at6231	III	5278171.0	C	C
6708at6231	IV	4399990.0	NA	NA
6709at6231	II	1754009.5	B	B
6716at6231	X	10292077.0	E	E
6723at6231	V	3821027.0	NA	NA
6725at6231	X	5466257.0	E	E
6736at6231	IV	557518.0	NA	NA
6743at6231	V	6386275.0	NA	NA
6745at6231	X	2396155.0	E	E
6747at6231	I	6086151.5	NA	NA
6752at6231	II	4241826.0	B	B
6753at6231	V	6253074.0	NA	NA
6756at6231	IV	5065036.0	D	D
6757at6231	X	9695223.5	E	E
6764at6231	III	4572384.0	C	C
6765at6231	III	69097.5	NA	NA
6768at6231	I	4657056.0	NA	NA
6772at6231	III	6761925.0	C	C
6777at6231	X	4171097.5	X	X
6778at6231	II	2357378.0	B	B
6783at6231	V	5242603.0	NA	NA
6794at6231	III	5801796.0	C	C
6806at6231	X	10183812.0	NA	NA
6812at6231	III	1168729.0	E	E
6813at6231	III	8745295.0	NA	NA
6815at6231	I	5809684.0	NA	NA
6816at6231	V	3644735.0	N	N
6826at6231	II	7923632.0	B	B
6827at6231	I	971583.0	A	A
6830at6231	III	6812657.0	C	C
6833at6231	X	8380432.0	E	E
6835at6231	III	2687279.5	NA	NA
6838at6231	X	10592730.0	E	E
6838at6231	I	452676.0	E	E
6843at6231	II	3944078.0	NA	NA
6846at6231	X	4754195.0	E	E
6848at6231	III	6299165.5	C	C
6851at6231	II	3655762.5	B	B
6857at6231	IV	234145.0	D	D
6860at6231	III	4409152.0	C	C
6861at6231	V	9293839.0	NA	NA
6862at6231	III	2565638.0	C	C
6875at6231	I	5692182.5	A	A
6876at6231	IV	6456131.0	D	D
6877at6231	III	3856808.5	C	C
6879at6231	V	1182825.0	N	N
6880at6231	I	2508448.5	A	A
6886at6231	I	7073462.0	E	E
6888at6231	IV	6863891.0	NA	NA
6896at6231	III	5013499.0	C	C
6898at6231	II	254451.0	B	B
6900at6231	IV	2922924.0	NA	NA
6902at6231	V	4772308.5	NA	NA
6907at6231	X	10545533.0	E	E
6910at6231	II	4146690.5	B	B
6914at6231	IV	3994340.0	D	D
6917at6231	II	5954782.5	B	B
6919at6231	II	5767570.5	B	B
6921at6231	V	9228747.0	N	N
6924at6231	V	3574435.0	N	N
6932at6231	IV	3307437.5	NA	NA
6935at6231	II	3688516.5	B	B
6938at6231	II	854638.5	NA	NA
6941at6231	III	9093985.0	C	C
6942at6231	IV	4489222.0	NA	NA
6943at6231	IV	4902597.0	D	D
6945at6231	V	9803881.0	N	N
6946at6231	I	8445029.0	A	A
6947at6231	I	3706556.0	A	A
6949at6231	III	7257643.0	C	C
6960at6231	IV	5874905.5	D	D
6967at6231	III	7031655.0	C	C
6977at6231	I	1501949.5	A	A
6979at6231	V	7336757.5	N	N
6984at6231	III	6643464.0	C	C
6986at6231	III	7138794.0	C	C
6989at6231	I	3223478.0	C	C
6991at6231	I	7992874.0	A	A
6998at6231	II	4677433.0	B	B
7002at6231	I	1207849.0	A	A
7003at6231	V	9044769.5	N	N
7004at6231	I	5364563.0	NA	NA
7005at6231	I	1578806.0	A	A
7007at6231	I	7106983.5	A	A
7008at6231	III	3410782.0	C	C
7009at6231	I	3800177.0	A	A
7010at6231	II	6573123.0	B	B
7020at6231	II	4314243.0	B	B
7026at6231	II	3895271.0	B	B
7029at6231	IV	345674.0	D	D
7033at6231	X	7031013.0	X	X
7045at6231	III	2876787.5	C	C
7050at6231	IV	5529136.0	NA	NA
7056at6231	X	3965513.5	NA	NA
7061at6231	II	7229209.5	B	B
7063at6231	III	3169530.0	C	C
7068at6231	I	3732175.0	A	A
7071at6231	II	5744847.0	B	B
7076at6231	IV	1979059.5	E	E
7082at6231	III	2111800.5	C	C
7086at6231	IV	3411430.0	D	D
7088at6231	II	5403827.0	B	B
7089at6231	I	7300048.0	A	A
7094at6231	V	8273012.0	N	N
7106at6231	III	360332.0	C	C
7108at6231	IV	5551426.0	NA	NA
7109at6231	II	8499142.0	B	B
7110at6231	V	7014395.5	N	N
7114at6231	III	8284943.5	C	C
7116at6231	V	8700433.5	E	E
7116at6231	X	8515287.0	E	E
7119at6231	I	4523704.5	A	A
7123at6231	I	6319844.5	A	A
7125at6231	IV	3179015.0	D	D
7127at6231	V	734013.0	NA	NA
7130at6231	IV	2960057.0	D	D
7146at6231	I	6575375.0	A	A
7148at6231	I	493977.0	NA	NA
7151at6231	III	6496423.0	C	C
7157at6231	I	7896541.0	A	A
7161at6231	X	2488304.0	E	E
7163at6231	V	3891047.0	NA	NA
7169at6231	III	5422703.0	C	C
7175at6231	III	2070919.0	C	C
7182at6231	X	8517348.0	E	E
7183at6231	II	8924014.0	B	B
7186at6231	III	5389580.5	NA	NA
7187at6231	X	7467879.0	X	X
7196at6231	IV	3794977.0	E	E
7197at6231	I	8266192.0	A	A
7201at6231	V	3387442.0	N	N
7202at6231	IV	3652332.0	D	D
7205at6231	IV	4186861.5	NA	NA
7210at6231	II	5626697.5	B	B
7212at6231	X	3614092.5	NA	NA
7216at6231	III	365883.5	C	C
7220at6231	IV	1220324.0	D	D
7223at6231	II	7332934.5	NA	NA
7224at6231	IV	700427.0	NA	NA
7225at6231	III	3039409.0	C	C
7230at6231	V	9282483.0	NA	NA
7232at6231	I	8520823.5	A	A
7234at6231	III	4549782.0	C	C
7246at6231	IV	3067296.5	NA	NA
7250at6231	V	6859090.0	N	N
7251at6231	II	7472189.0	NA	NA
7252at6231	V	6084465.5	NA	NA
7258at6231	I	5663513.0	A	A
7260at6231	I	7914185.0	A	A
7264at6231	IV	4058118.5	D	D
7265at6231	III	8937944.0	C	C
7266at6231	III	9533876.5	C	C
7269at6231	V	6683614.5	NA	NA
7275at6231	II	907486.5	B	B
7278at6231	I	1496273.0	A	A
7279at6231	V	8205494.5	N	N
7280at6231	I	7399354.0	A	A
7281at6231	IV	183541.0	A	A
7281at6231	I	4820794.0	A	A
7285at6231	II	6080161.5	B	B
7286at6231	III	7734455.5	C	C
7287at6231	II	8520996.0	B	B
7288at6231	I	5391987.0	A	A
7289at6231	II	7588655.0	B	B
7292at6231	I	5141730.0	A	A
7293at6231	III	4831253.0	C	C
7299at6231	I	6419264.0	A	A
7301at6231	X	10131243.0	E	E
7302at6231	X	6354609.0	X	X
7305at6231	I	22060.5	A	A
7311at6231	II	3734818.0	B	B
7318at6231	X	9275202.5	NA	NA
7319at6231	I	6658752.5	A	A
7322at6231	III	8823914.0	C	C
7325at6231	X	8061398.5	X	X
7327at6231	V	8951291.0	N	N
7328at6231	X	5115285.5	NA	NA
7330at6231	III	7432192.0	C	C
7340at6231	X	9125747.0	E	E
7345at6231	I	6233542.0	A	A
7347at6231	V	9629205.0	N	N
7351at6231	I	858241.0	A	A
7352at6231	I	5158854.0	A	A
7353at6231	III	8533118.0	NA	NA
7363at6231	III	7198880.0	C	C
7367at6231	I	6321630.5	A	A
7371at6231	III	6790318.0	NA	NA
7381at6231	III	7985033.5	NA	NA
7384at6231	II	4035323.0	B	B
7385at6231	I	3749042.5	NA	NA
7393at6231	IV	1853231.5	NA	NA
7401at6231	IV	2686352.0	NA	NA
7402at6231	I	5247967.0	E	E
7416at6231	I	881436.5	A	A
7418at6231	I	3079967.5	NA	NA
7419at6231	IV	5871499.0	NA	NA
7422at6231	III	860688.5	C	C
7423at6231	X	3247523.0	X	X
7430at6231	I	1722693.0	A	A
7447at6231	IV	3605302.5	NA	NA
7449at6231	X	10263394.5	NA	NA
7460at6231	IV	3407039.5	NA	NA
7469at6231	II	3457908.5	B	B
7473at6231	II	7686790.0	B	B
7474at6231	IV	2670869.5	E	E
7474at6231	X	2651577.0	E	E
7475at6231	II	3652192.0	NA	NA
7476at6231	I	7194310.0	A	A
7479at6231	II	7212602.5	NA	NA
7480at6231	II	610054.0	B	B
7481at6231	V	8711391.0	N	N
7486at6231	I	4171363.5	A	A
7490at6231	III	5142913.0	C	C
7492at6231	I	5480898.0	NA	NA
7500at6231	IV	4503482.5	D	D
7507at6231	X	8006799.5	NA	NA
7511at6231	V	6845988.5	E	E
7519at6231	X	2721099.5	E	E
7520at6231	IV	11066715.0	D	D
7524at6231	II	5224401.0	B	B
7525at6231	I	4901406.0	A	A
7526at6231	IV	5733034.0	D	D
7528at6231	I	680353.5	A	A
7539at6231	I	334094.5	NA	NA
7540at6231	X	10435174.0	E	E
7546at6231	I	1719686.0	A	A
7555at6231	I	3805189.0	NA	NA
7561at6231	X	9729286.0	E	E
7565at6231	III	3550854.0	C	C
7566at6231	V	6023376.0	N	N
7571at6231	V	389907.0	C	C
7571at6231	III	15415.0	C	C
7573at6231	I	5166284.5	A	A
7586at6231	V	4012323.5	N	N
7591at6231	I	2169899.5	NA	NA
7601at6231	X	6913035.0	NA	NA
7606at6231	X	7512297.0	NA	NA
7612at6231	I	636316.5	A	A
7615at6231	I	6064471.0	C	C
7617at6231	X	8073704.0	NA	NA
7626at6231	I	3921334.5	A	A
7627at6231	I	2558807.0	A	A
7628at6231	II	7086524.0	B	B
7633at6231	V	6781229.0	N	N
7636at6231	III	4849063.0	NA	NA
7637at6231	II	1306287.5	B	B
7651at6231	II	1360578.5	NA	NA
7663at6231	I	4724867.0	A	A
7664at6231	IV	4842395.0	D	D
7665at6231	IV	3792675.5	D	D
7669at6231	III	3246096.0	C	C
7670at6231	V	6202546.0	N	N
7672at6231	IV	4140106.0	D	D
7674at6231	IV	295443.0	NA	NA
7675at6231	II	7003680.0	B	B
7678at6231	III	5745209.5	C	C
7681at6231	I	7054469.0	NA	NA
7689at6231	V	7325605.0	N	N
7696at6231	IV	3138470.0	D	D
7697at6231	III	7534343.0	C	C
7698at6231	IV	1027802.5	D	D
7701at6231	V	4872913.0	NA	NA
7702at6231	II	3170395.0	B	B
7703at6231	III	8372620.0	C	C
7706at6231	V	8669807.5	NA	NA
7707at6231	I	8347530.0	A	A
7713at6231	X	9289633.0	E	E
7716at6231	III	5153075.5	C	C
7720at6231	III	2869866.5	C	C
7729at6231	IV	2934275.0	D	D
7736at6231	IV	3157183.0	NA	NA
7738at6231	I	8019237.5	A	A
7743at6231	III	6681781.5	C	C
7752at6231	III	4804904.0	E	E
7752at6231	X	10730600.0	E	E
7761at6231	III	4849583.0	C	C
7763at6231	V	9805424.5	NA	NA
7764at6231	III	7357737.5	C	C
7772at6231	I	7109215.0	A	A
7788at6231	I	996265.0	A	A
7795at6231	I	4214592.0	NA	NA
7800at6231	II	4763645.5	B	B
7806at6231	II	7182476.5	B	B
7810at6231	X	4583185.0	E	E
7811at6231	V	6938422.0	N	N
7814at6231	I	5732041.5	A	A
7824at6231	II	861171.0	B	B
7825at6231	II	4676349.0	B	B
7829at6231	II	6517359.0	NA	NA
7830at6231	V	9499318.0	N	N
7839at6231	II	3799508.0	B	B
7845at6231	V	9289269.5	NA	NA
7847at6231	X	3528940.0	X	X
7849at6231	I	6195461.0	A	A
7851at6231	I	8112961.5	A	A
7866at6231	I	7661945.0	A	A
7884at6231	I	2510628.0	A	A
7885at6231	III	6119929.0	C	C
7889at6231	III	4988571.0	C	C
7891at6231	V	9273737.5	N	N
7895at6231	IV	9934343.0	D	D
7899at6231	X	8739124.0	E	E
7900at6231	III	6763490.5	C	C
7912at6231	IV	765701.0	NA	NA
7912at6231	X	5972999.5	NA	NA
7913at6231	III	3244904.0	C	C
7921at6231	III	8500411.5	C	C
7926at6231	III	2262046.0	NA	NA
7927at6231	III	4841746.5	C	C
7943at6231	I	7479409.0	A	A
7955at6231	II	640180.5	B	B
7956at6231	V	6624472.5	N	N
7961at6231	II	5137751.0	B	B
7970at6231	X	6696012.0	X	X
7975at6231	IV	3053743.5	D	D
7983at6231	IV	5501088.0	NA	NA
7984at6231	II	4573759.0	B	B
7987at6231	II	547754.5	B	B
7991at6231	III	4354270.0	C	C
7992at6231	IV	1520114.5	D	D
7993at6231	III	5228849.0	B	B
8002at6231	I	6886735.0	NA	NA
8005at6231	I	3684111.5	A	A
8006at6231	III	1610409.0	E	E
8007at6231	V	6798049.0	N	N
8009at6231	III	2363698.0	C	C
8019at6231	III	5146544.0	C	C
8020at6231	V	3852263.0	NA	NA
8021at6231	III	630276.0	C	C
8025at6231	II	8708661.5	B	B
8033at6231	V	2226587.0	E	E
8036at6231	I	5728638.0	A	A
8037at6231	III	1038428.0	NA	NA
8040at6231	I	3640336.0	A	A
8044at6231	X	6280563.0	X	X
8052at6231	III	8491999.0	C	C
8055at6231	I	7728882.0	A	A
8058at6231	I	2754297.5	NA	NA
8060at6231	V	4061708.0	NA	NA
8061at6231	I	3933988.0	A	A
8068at6231	II	608129.0	B	B
8072at6231	II	8327520.5	B	B
8073at6231	IV	4626081.0	D	D
8081at6231	II	7168144.5	B	B
8084at6231	IV	3185199.0	NA	NA
8086at6231	X	3459293.0	X	X
8087at6231	I	8533768.5	NA	NA
8088at6231	I	1531431.5	A	A
8090at6231	V	5846833.0	N	N
8093at6231	II	7604944.5	B	B
8094at6231	I	3936918.0	A	A
8097at6231	II	5275457.0	NA	NA
8107at6231	IV	3553998.5	NA	NA
8110at6231	I	6137813.0	E	E
8116at6231	II	950252.0	B	B
8117at6231	X	10976757.0	E	E
8121at6231	I	6076305.0	NA	NA
8124at6231	II	2570872.0	B	B
8128at6231	V	6990612.5	NA	NA
8130at6231	III	7295733.0	C	C
8131at6231	III	4261539.0	C	C
8132at6231	X	7749057.5	NA	NA
8134at6231	III	1423085.0	C	C
8139at6231	V	8587636.5	NA	NA
8153at6231	III	4724865.0	C	C
8155at6231	III	5238764.0	NA	NA
8156at6231	V	9259376.5	NA	NA
8183at6231	X	5341184.0	E	E
8184at6231	III	218573.0	C	C
8187at6231	IV	9952796.5	D	D
8190at6231	II	3173276.5	B	B
8194at6231	I	4511249.0	A	A
8195at6231	I	6938196.0	A	A
8207at6231	X	3194374.0	X	X
8215at6231	X	4334069.0	E	E
8219at6231	V	7812282.0	N	N
8221at6231	IV	769871.5	NA	NA
8225at6231	I	5195576.0	A	A
8228at6231	III	3811138.0	C	C
8229at6231	III	5836680.0	C	C
8231at6231	I	4203286.0	A	A
8232at6231	III	3129178.0	NA	NA
8234at6231	V	615942.0	NA	NA
8238at6231	V	9815714.0	N	N
8242at6231	III	4587187.0	C	C
8246at6231	III	8529498.0	C	C
8249at6231	III	3165001.5	C	C
8250at6231	IV	3132168.5	D	D
8258at6231	X	10417335.5	E	E
8273at6231	III	9302962.0	C	C
8275at6231	IV	7668427.5	D	D
8280at6231	I	224468.0	A	A
8282at6231	V	9276043.0	N	N
8283at6231	I	4766629.0	A	A
8288at6231	IV	1839057.5	NA	NA
8294at6231	II	4426502.0	NA	NA
8295at6231	II	5139300.0	B	B
8300at6231	IV	3694727.5	D	D
8301at6231	V	7358316.0	NA	NA
8304at6231	V	6264633.0	N	N
8309at6231	V	5699918.0	N	N
8312at6231	II	8444495.0	B	B
8314at6231	III	4073645.0	C	C
8316at6231	III	4630076.5	D	D
8317at6231	II	6189765.0	NA	NA
8326at6231	X	8845405.5	E	E
8328at6231	I	2751382.0	A	A
8329at6231	I	4020763.5	NA	NA
8337at6231	III	5020197.0	C	C
8340at6231	IV	5415491.5	D	D
8341at6231	X	6221572.0	NA	NA
8342at6231	I	5115174.5	A	A
8344at6231	IV	4729059.0	D	D
8348at6231	II	298593.5	B	B
8361at6231	IV	181903.0	D	D
8362at6231	X	2568504.0	NA	NA
8363at6231	V	4391478.5	NA	NA
8377at6231	X	8093859.0	NA	NA
8379at6231	III	3128188.0	C	C
8383at6231	IV	3371693.5	NA	NA
8386at6231	III	8634292.0	C	C
8392at6231	I	648431.0	A	A
8395at6231	III	7455553.5	C	C
8399at6231	II	8859886.0	NA	NA
8408at6231	IV	4872131.0	NA	NA
8417at6231	I	3793141.0	A	A
8422at6231	IV	8956097.0	NA	NA
8433at6231	II	6359002.5	NA	NA
8446at6231	I	3701914.0	A	A
8447at6231	III	9056524.0	C	C
8448at6231	I	8254261.0	A	A
8449at6231	IV	3969636.0	NA	NA
8450at6231	IV	10174717.5	D	D
8452at6231	IV	4797074.0	D	D
8453at6231	IV	9929356.5	D	D
8456at6231	X	204419.5	X	X
8457at6231	III	4160455.0	C	C
8467at6231	X	3460340.0	NA	NA
8469at6231	X	6988714.0	X	X
8471at6231	I	2237848.0	C	C
8473at6231	II	3289637.0	B	B
8476at6231	III	2794527.0	C	C
8478at6231	V	2224362.0	NA	NA
8480at6231	I	5695669.0	NA	NA
8482at6231	I	7731418.0	A	A
8486at6231	II	1295650.0	B	B
8491at6231	IV	8930222.5	NA	NA
8492at6231	II	7582003.0	B	B
8494at6231	X	4019829.5	X	X
8502at6231	III	2239487.5	B	B
8502at6231	II	1685642.0	B	B
8505at6231	I	815050.5	A	A
8506at6231	I	2515099.5	A	A
8508at6231	X	6444419.5	X	X
8511at6231	IV	10498806.0	D	D
8517at6231	III	2360315.5	C	C
8518at6231	V	8042864.0	E	E
8519at6231	III	5450636.0	C	C
8545at6231	IV	10639935.0	NA	NA
8552at6231	X	8584687.5	E	E
8561at6231	X	9123598.0	E	E
8565at6231	V	3757738.0	N	N
8569at6231	V	3695584.0	N	N
8577at6231	V	8668670.0	N	N
8579at6231	III	7067368.0	C	C
8588at6231	IV	8131590.5	D	D
8595at6231	III	5883137.5	C	C
8602at6231	X	2776987.0	E	E
8603at6231	I	8589475.0	A	A
8604at6231	X	10024930.0	NA	NA
8615at6231	V	6681475.5	N	N
8618at6231	II	5270925.0	B	B
8619at6231	IV	3193452.5	D	D
8622at6231	III	4512618.5	C	C
8625at6231	I	5073878.5	A	A
8636at6231	I	3621629.0	NA	NA
8639at6231	II	824738.0	B	B
8643at6231	I	6955638.0	E	E
8647at6231	V	3601402.0	N	N
8664at6231	X	7993368.5	X	X
8669at6231	IV	9541114.0	C	C
8675at6231	IV	2663305.5	NA	NA
8676at6231	X	4277016.5	NA	NA
8679at6231	III	3958887.0	E	E
8687at6231	III	3485104.5	B	B
8691at6231	I	180201.0	A	A
8692at6231	V	5379970.0	NA	NA
8700at6231	I	6618838.0	A	A
8708at6231	V	9540949.0	NA	NA
8712at6231	I	6802858.0	A	A
8714at6231	III	6930179.0	C	C
8732at6231	V	8266594.5	N	N
8736at6231	V	3606179.5	NA	NA
8737at6231	X	5830242.5	E	E
8739at6231	II	2798155.0	NA	NA
8742at6231	III	279469.0	NA	NA
8746at6231	X	2538164.0	E	E
8749at6231	I	8551284.5	A	A
8750at6231	IV	3939592.0	D	D
8755at6231	II	4004947.0	NA	NA
8767at6231	IV	5523866.0	D	D
8768at6231	X	3040491.0	NA	NA
8774at6231	I	3314385.0	NA	NA
8776at6231	I	4882347.0	A	A
8777at6231	I	5460715.0	NA	NA
8780at6231	I	8308157.0	A	A
8781at6231	II	7931399.0	B	B
8794at6231	I	5999804.0	A	A
8796at6231	IV	4459985.5	D	D
8799at6231	IV	2258488.5	D	D
8802at6231	IV	4124795.0	NA	NA
8807at6231	V	6045730.0	N	N
8810at6231	IV	10543866.5	NA	NA
8817at6231	III	6062082.0	C	C
8827at6231	IV	3996231.5	D	D
8834at6231	I	2247362.0	A	A
8837at6231	I	4136441.0	A	A
8842at6231	V	5518467.0	N	N
8850at6231	V	8896841.0	NA	NA
8855at6231	II	1027804.5	B	B
8856at6231	V	8702403.0	E	E
8862at6231	I	5084410.0	A	A
8866at6231	V	865850.0	N	N
8869at6231	II	5569796.0	B	B
8878at6231	III	5445597.0	C	C
8879at6231	X	8365544.5	E	E
8888at6231	X	10586539.5	E	E
8889at6231	II	3640569.0	B	B
8902at6231	V	6797752.0	N	N
8911at6231	IV	10636411.0	D	D
8914at6231	I	95861.0	A	A
8917at6231	I	3390336.0	NA	NA
8918at6231	IV	9585493.5	D	D
8926at6231	II	114913.0	B	B
8934at6231	III	5025291.0	C	C
8945at6231	V	7328995.5	NA	NA
8945at6231	V	7322702.5	NA	NA
8946at6231	III	9344618.0	NA	NA
8949at6231	I	1379326.5	A	A
8958at6231	II	7303366.5	B	B
8969at6231	II	6604547.5	B	B
8983at6231	II	5279020.0	B	B
8994at6231	V	6894184.0	NA	NA
9000at6231	II	296614.0	B	B
9003at6231	V	6382541.0	NA	NA
9005at6231	III	6484647.5	NA	NA
9014at6231	I	1804453.0	A	A
9019at6231	V	432107.5	NA	NA
9039at6231	V	6709291.0	N	N
9041at6231	II	66021.5	NA	NA
9042at6231	IV	3044948.5	D	D
9048at6231	II	8817161.5	B	B
9049at6231	III	8009231.0	C	C
9051at6231	IV	9558648.5	D	D
9055at6231	X	6404198.5	X	X
9059at6231	V	474970.0	N	N
9060at6231	I	44722.0	NA	NA
9066at6231	III	9398716.0	C	C
9072at6231	IV	3596560.0	D	D
9077at6231	III	5248993.5	C	C
9079at6231	X	4677339.5	E	E
9081at6231	I	7219349.0	A	A
9082at6231	II	968989.5	B	B
9092at6231	I	3942065.0	A	A
9097at6231	II	3800740.0	B	B
9098at6231	III	3994135.5	C	C
9099at6231	I	3270004.0	E	E
9099at6231	X	4333085.0	E	E
9118at6231	III	3034685.0	NA	NA
9120at6231	I	2547133.0	A	A
9125at6231	IV	3161443.5	D	D
9126at6231	III	5997042.5	NA	NA
9150at6231	III	9381407.5	C	C
9163at6231	II	8677010.5	B	B
9164at6231	III	8765817.0	C	C
9166at6231	IV	6409636.0	C	C
9166at6231	III	7594303.5	C	C
9173at6231	V	7231338.0	NA	NA
9186at6231	V	4652958.0	N	N
9187at6231	IV	2699083.0	NA	NA
9188at6231	X	4307572.0	NA	NA
9200at6231	IV	3655102.0	NA	NA
9206at6231	I	7192701.5	NA	NA
9208at6231	V	4501139.5	NA	NA
9208at6231	V	4502907.0	NA	NA
9213at6231	I	3197133.0	C	C
9221at6231	IV	3633331.5	D	D
9229at6231	I	2527674.0	A	A
9236at6231	III	5380025.0	C	C
9240at6231	IV	5479388.5	NA	NA
9243at6231	III	8587731.0	C	C
9244at6231	III	8846998.0	C	C
9253at6231	III	2352031.5	C	C
9260at6231	I	7415881.0	A	A
9262at6231	I	6632851.0	A	A
9264at6231	II	82902.5	B	B
9270at6231	IV	3180302.0	D	D
9275at6231	IV	10108064.0	D	D
9278at6231	IV	144630.5	NA	NA
9279at6231	IV	4536751.0	NA	NA
9280at6231	IV	2415933.5	NA	NA
9287at6231	III	7317258.0	C	C
9299at6231	X	2481745.0	E	E
9300at6231	X	8910520.0	E	E
9313at6231	V	5883859.0	E	E
9321at6231	II	123974.0	B	B
9327at6231	V	5905591.0	N	N
9328at6231	III	4394326.0	NA	NA
9329at6231	III	3643659.0	NA	NA
9332at6231	III	4762557.5	C	C
9333at6231	I	4745843.0	A	A
9335at6231	I	6528692.5	NA	NA
9343at6231	I	5452373.0	A	A
9344at6231	II	4879817.0	B	B
9354at6231	III	6141224.5	NA	NA
9367at6231	I	8444005.0	A	A
9386at6231	I	4776134.0	A	A
9387at6231	II	1030220.0	B	B
9390at6231	V	246988.0	N	N
9393at6231	V	5244051.0	N	N
9403at6231	III	280242.0	C	C
9408at6231	III	4298087.0	NA	NA
9411at6231	II	7188879.0	B	B
9425at6231	II	188091.0	NA	NA
9436at6231	V	7705941.5	NA	NA
9440at6231	I	6621126.0	A	A
9441at6231	III	3878535.0	C	C
9443at6231	III	3873431.5	C	C
9447at6231	I	5197685.0	A	A
9448at6231	V	4278496.0	N	N
9451at6231	III	7088424.0	C	C
9453at6231	IV	3720493.0	D	D
9458at6231	III	3746486.5	C	C
9463at6231	X	4119816.0	NA	NA
9466at6231	IV	10992065.0	D	D
9467at6231	V	3307780.5	N	N
9478at6231	II	5497632.5	E	E
9486at6231	III	8845910.0	NA	NA
9489at6231	IV	3401026.0	D	D
9491at6231	I	3188196.5	A	A
9494at6231	I	2878011.0	NA	NA
9499at6231	X	5519631.5	E	E
9500at6231	III	4307152.0	E	E
9504at6231	III	3006151.0	C	C
9512at6231	III	9392092.5	C	C
9515at6231	III	4011571.0	C	C
9516at6231	II	7170551.0	B	B
9523at6231	V	9841174.0	NA	NA
9526at6231	I	7571556.5	A	A
9528at6231	III	372995.5	NA	NA
9532at6231	V	9281238.5	NA	NA
9534at6231	III	2066877.0	NA	NA
9541at6231	IV	3859230.0	NA	NA
9543at6231	III	9416230.0	C	C
9547at6231	V	6162810.0	E	E
9548at6231	III	5696489.0	C	C
9551at6231	V	5418182.0	NA	NA
9555at6231	IV	2868110.0	D	D
9557at6231	V	4700601.0	N	N
9559at6231	I	3329014.0	A	A
9563at6231	III	6827883.0	C	C
9564at6231	I	8401278.0	A	A
9566at6231	X	1919907.5	NA	NA
9574at6231	III	4024509.0	C	C
9579at6231	II	6977075.0	B	B
9582at6231	II	3205966.0	NA	NA
9588at6231	V	6841090.0	N	N
9597at6231	II	4687717.5	NA	NA
9611at6231	III	5028929.0	C	C
9613at6231	X	9771086.5	NA	NA
9614at6231	V	6947236.5	NA	NA
9615at6231	I	5180721.5	A	A
9618at6231	III	4759486.5	C	C
9630at6231	I	339589.5	A	A
9632at6231	II	7750814.0	B	B
9639at6231	I	4345171.5	A	A
9640at6231	V	5370972.5	N	N
9649at6231	III	6062975.0	C	C
9651at6231	III	5888940.0	NA	NA
9657at6231	II	6265823.0	NA	NA
9662at6231	X	8945666.5	E	E
9669at6231	IV	191089.0	D	D
9671at6231	X	9689737.5	E	E
9672at6231	IV	10288145.0	D	D
9676at6231	I	3636752.0	A	A
9677at6231	II	5920908.0	NA	NA
9677at6231	II	5925281.0	NA	NA
9681at6231	I	7053215.0	A	A
9682at6231	III	3893869.0	C	C
9693at6231	I	3219954.0	NA	NA
9714at6231	I	1720932.5	A	A
9719at6231	I	4493796.0	A	A
9736at6231	II	2580620.5	NA	NA
9739at6231	V	6671442.5	N	N
9748at6231	III	9383296.0	C	C
9774at6231	X	8925961.0	E	E
9785at6231	I	7321898.0	NA	NA
9788at6231	V	6159568.0	NA	NA
9792at6231	III	9161970.5	C	C
9802at6231	IV	3655739.0	D	D
9816at6231	X	8695593.5	E	E
9828at6231	IV	3936546.0	NA	NA
9838at6231	V	7359377.0	NA	NA
9840at6231	X	3818992.5	X	X
9847at6231	III	5346395.5	C	C
9850at6231	V	8157703.0	NA	NA
9875at6231	V	6102995.0	NA	NA
9896at6231	II	1099741.5	NA	NA
9898at6231	III	7777457.0	C	C
9899at6231	II	4675613.0	B	B
9903at6231	IV	8462613.5	D	D
9915at6231	II	970944.0	B	B
9922at6231	V	8091758.0	N	N
9923at6231	IV	3990362.0	D	D
9936at6231	IV	5066034.0	D	D
9937at6231	IV	2775232.0	D	D
9940at6231	V	5541829.0	N	N
9946at6231	II	7371146.5	B	B
9951at6231	I	7297277.0	A	A
9952at6231	IV	10589055.0	NA	NA
9954at6231	IV	2777869.0	D	D
9956at6231	II	3573381.5	NA	NA
9959at6231	X	5052145.5	E	E
9967at6231	III	2695617.0	NA	NA
9967at6231	V	5946383.5	NA	NA
9968at6231	III	4764321.0	C	C
9976at6231	I	3528027.5	NA	NA
9986at6231	III	990695.5	C	C
9987at6231	II	7894691.5	B	B
9998at6231	V	6820351.5	NA	NA
9998at6231	V	6822701.5	NA	NA
9999at6231	III	9382461.5	C	C
10010at6231	II	7319812.5	B	B
10011at6231	X	10360760.5	NA	NA
10018at6231	I	24672.0	A	A
10025at6231	I	7894824.5	NA	NA
10032at6231	V	8156692.5	N	N
10044at6231	V	5436260.0	NA	NA
10045at6231	V	4721785.0	NA	NA
10045at6231	IV	9893647.0	NA	NA
10059at6231	III	2668647.0	NA	NA
10063at6231	III	5685853.0	C	C
10068at6231	X	8175152.0	NA	NA
10076at6231	II	7608429.5	NA	NA
10081at6231	I	2835144.0	A	A
10084at6231	II	2538560.0	B	B
10099at6231	III	9530966.5	B	B
10100at6231	V	4170379.5	N	N
10117at6231	II	583524.5	B	B
10121at6231	V	5829635.0	NA	NA
10126at6231	V	7188685.0	NA	NA
10127at6231	I	3891072.0	A	A
10128at6231	IV	1226930.5	D	D
10134at6231	V	8321838.5	N	N
10139at6231	III	9500518.0	C	C
10150at6231	II	5334615.0	B	B
10152at6231	I	4466684.5	A	A
10161at6231	III	21660.5	C	C
10165at6231	X	4399788.0	E	E
10170at6231	II	5912655.0	NA	NA
10177at6231	V	6486316.5	N	N
10180at6231	IV	5293850.0	NA	NA
10185at6231	II	4845973.5	NA	NA
10190at6231	I	7726924.0	B	B
10197at6231	I	7351614.0	A	A
10222at6231	I	7329238.5	A	A
10233at6231	II	4922349.0	B	B
10237at6231	III	7535423.5	NA	NA
10237at6231	I	4732965.0	NA	NA
10246at6231	III	4828630.5	NA	NA
10249at6231	V	9274495.5	NA	NA
10249at6231	I	2811585.0	NA	NA
10251at6231	V	7363544.0	NA	NA
10258at6231	III	3539388.0	NA	NA
10260at6231	V	4720579.5	NA	NA
10260at6231	IV	9896162.0	NA	NA
10271at6231	I	3806648.0	A	A
10278at6231	III	4396418.0	C	C
10289at6231	I	8256087.5	A	A
10313at6231	V	6189114.0	N	N
10321at6231	III	3745678.0	C	C
10323at6231	III	6621607.0	NA	NA
10325at6231	III	4010753.0	NA	NA
10340at6231	V	7309676.0	N	N
10344at6231	III	9032060.0	C	C
10350at6231	IV	4975317.5	NA	NA
10353at6231	I	191021.0	A	A
10354at6231	III	7310494.0	A	A
10356at6231	IV	1233992.5	D	D
10373at6231	IV	362360.5	D	D
10379at6231	IV	455129.0	NA	NA
10388at6231	III	252906.0	C	C
10389at6231	I	6050590.0	E	E
10416at6231	V	4459922.0	N	N
10441at6231	I	2468747.5	A	A
10448at6231	II	3840540.0	NA	NA
10449at6231	II	6632604.0	B	B
10461at6231	II	5419965.5	B	B
10463at6231	I	7590893.0	A	A
10464at6231	III	3401730.5	C	C
10466at6231	III	8056500.0	C	C
10473at6231	V	9247749.0	N	N
10498at6231	I	6943086.0	A	A
10510at6231	I	981792.0	NA	NA
10513at6231	I	3189050.5	A	A
10521at6231	X	3984279.5	X	X
10522at6231	III	8328530.0	C	C
10532at6231	I	1779772.5	A	A
10534at6231	I	6273066.5	A	A
10541at6231	II	5434276.0	NA	NA
10545at6231	III	6058640.0	C	C
10550at6231	III	2793536.0	C	C
10555at6231	I	2905055.0	NA	NA
10562at6231	III	9449044.0	C	C
10575at6231	I	5112161.5	NA	NA
10584at6231	III	3480300.5	C	C
10611at6231	III	3744641.0	NA	NA
10615at6231	I	7539889.0	NA	NA
10625at6231	IV	7006336.5	D	D
10627at6231	IV	3595210.0	D	D
10631at6231	I	4128330.5	A	A
10640at6231	I	6637120.5	A	A
10655at6231	I	2084042.0	NA	NA
10655at6231	I	2075667.5	NA	NA
10661at6231	I	1916724.0	A	A
10665at6231	I	6633697.0	NA	NA
10678at6231	II	768189.0	B	B
10679at6231	I	7397611.0	A	A
10686at6231	X	2923709.0	NA	NA
10698at6231	III	8283665.5	C	C
10699at6231	I	3125962.0	NA	NA
10705at6231	III	536341.0	C	C
10708at6231	X	2551866.5	E	E
10709at6231	II	321230.0	E	E
10709at6231	X	5019585.0	E	E
10710at6231	IV	1624938.0	D	D
10717at6231	II	6606959.5	B	B
10732at6231	X	9235325.5	E	E
10735at6231	V	3183286.0	NA	NA
10750at6231	II	2565968.0	B	B
10755at6231	III	9051014.5	C	C
10757at6231	I	2927825.0	NA	NA
10761at6231	IV	4579896.0	NA	NA
10769at6231	IV	3529675.5	D	D
10777at6231	X	7383106.5	E	E
10780at6231	V	3700432.0	NA	NA
10791at6231	I	8181368.0	A	A
10794at6231	IV	5545691.0	NA	NA
10803at6231	III	6414857.0	C	C
10821at6231	V	5369835.0	NA	NA
10822at6231	X	8107610.0	NA	NA
10827at6231	I	6016576.0	A	A
10848at6231	I	5707371.0	A	A
10864at6231	V	2483377.0	N	N
10883at6231	III	9553885.0	NA	NA
10897at6231	II	5696428.0	B	B
10898at6231	I	5155119.0	NA	NA
10911at6231	V	1177115.5	NA	NA
10911at6231	V	1166017.5	NA	NA
10928at6231	I	7442292.0	A	A
10935at6231	III	1734126.5	C	C
10953at6231	I	4452515.0	A	A
10958at6231	III	8332930.0	C	C
10961at6231	II	5086786.0	B	B
10979at6231	V	8770103.5	NA	NA
10987at6231	II	6975244.5	B	B
11007at6231	V	5962992.5	NA	NA
11021at6231	V	8041471.0	E	E
11034at6231	I	2070821.5	E	E
11034at6231	X	8430794.5	E	E
11036at6231	III	5781092.5	C	C
11046at6231	I	7233493.5	A	A
11066at6231	I	4061902.0	A	A
11086at6231	V	8076494.0	NA	NA
11111at6231	III	8105784.0	C	C
11112at6231	III	6800461.5	NA	NA
11115at6231	IV	5416079.5	NA	NA
11124at6231	IV	3243498.0	D	D
11126at6231	III	6423761.5	C	C
11127at6231	III	4062896.0	NA	NA
11144at6231	II	8020932.0	NA	NA
11173at6231	I	154878.5	A	A
11178at6231	I	5488449.5	A	A
11179at6231	III	2576837.0	C	C
11183at6231	V	9660314.5	NA	NA
11184at6231	V	1477710.0	NA	NA
11187at6231	I	939618.5	E	E
11187at6231	X	9080088.0	E	E
11189at6231	I	145566.0	E	E
11191at6231	II	8621386.0	C	C
11192at6231	III	7342892.0	C	C
11194at6231	I	7567102.5	NA	NA
11201at6231	II	7070262.5	B	B
11227at6231	I	7785641.5	A	A
11250at6231	X	3838334.0	NA	NA
11259at6231	V	7634034.5	NA	NA
11267at6231	X	11136493.5	E	E
11289at6231	X	3456018.0	X	X
11295at6231	I	6579513.5	A	A
11301at6231	V	4614100.0	N	N
11303at6231	IV	2924245.0	NA	NA
11307at6231	X	8196986.0	E	E
11327at6231	III	8058599.0	C	C
11344at6231	II	5056593.5	B	B
11350at6231	I	6710733.5	NA	NA
11363at6231	I	7438315.0	A	A
11367at6231	V	2680386.0	N	N
11372at6231	I	4029113.5	A	A
11382at6231	V	8646336.0	N	N
11385at6231	I	923337.0	A	A
11397at6231	I	4026969.0	A	A
11412at6231	II	6624889.0	B	B
11417at6231	IV	293196.0	NA	NA
11433at6231	I	1700919.0	NA	NA
11440at6231	III	8869060.5	C	C
11490at6231	I	3616433.0	A	A
