100357at7041	C1
100520at7041	C1
100529at7041	C1
100706at7041	C1
100767at7041	C1
101330at7041	C1
101895at7041	C1
102082at7041	C1
102356at7041	C1
102506at7041	C1
102687at7041	C1
102805at7041	C1
103130at7041	C1
103383at7041	C1
104594at7041	C1
105294at7041	C1
106196at7041	C1
106208at7041	C1
106529at7041	C1
106822at7041	C1
106867at7041	C1
106918at7041	C1
106951at7041	C1
10698at7041	C1
107185at7041	C1
107365at7041	C1
108321at7041	C1
108413at7041	C1
109191at7041	C1
109325at7041	C1
1095at7041	C1
109661at7041	C1
109713at7041	C1
109763at7041	C1
109855at7041	C1
109939at7041	C1
110007at7041	C1
110093at7041	C1
110181at7041	C1
110257at7041	C1
110291at7041	C1
110323at7041	C1
110778at7041	C1
110at7041	C1
111198at7041	C1
111217at7041	C1
111218at7041	C1
111219at7041	C1
111590at7041	C1
111604at7041	C1
111674at7041	C1
111741at7041	C1
112139at7041	C1
112186at7041	C1
11249at7041	C1
112934at7041	C1
113436at7041	C1
113497at7041	C1
113588at7041	C1
113644at7041	C1
113812at7041	C1
113868at7041	C1
114226at7041	C1
114565at7041	C1
115117at7041	C1
115172at7041	C1
115196at7041	C1
115224at7041	C1
115264at7041	C1
11537at7041	C1
115609at7041	C1
115615at7041	C1
115668at7041	C1
115724at7041	C1
11580at7041	C1
115980at7041	C1
116046at7041	C1
116379at7041	C1
116392at7041	C1
117574at7041	C1
117585at7041	C1
11765at7041	C1
11776at7041	C1
117992at7041	C1
118794at7041	C1
119129at7041	C1
120577at7041	C1
121237at7041	C1
12187at7041	C1
122251at7041	C1
122403at7041	C1
123351at7041	C1
124473at7041	C1
12449at7041	C1
124654at7041	C1
124821at7041	C1
124875at7041	C1
125290at7041	C1
125366at7041	C1
126254at7041	C1
126429at7041	C1
12683at7041	C1
127640at7041	C1
127920at7041	C1
128081at7041	C1
128138at7041	C1
128271at7041	C1
128520at7041	C1
129403at7041	C1
129837at7041	C1
129933at7041	C1
130044at7041	C1
130532at7041	C1
131665at7041	C1
131940at7041	C1
132505at7041	C1
13297at7041	C1
133026at7041	C1
134050at7041	C1
134437at7041	C1
134537at7041	C1
134824at7041	C1
13540at7041	C1
135673at7041	C1
13737at7041	C1
14129at7041	C1
14213at7041	C1
14659at7041	C1
14718at7041	C1
15406at7041	C1
15415at7041	C1
15580at7041	C1
15717at7041	C1
15874at7041	C1
15887at7041	C1
15944at7041	C1
16073at7041	C1
16095at7041	C1
163431at7041	C1
163432at7041	C1
163443at7041	C1
163457at7041	C1
163460at7041	C1
163461at7041	C1
163500at7041	C1
163509at7041	C1
163533at7041	C1
163535at7041	C1
163542at7041	C1
163579at7041	C1
163597at7041	C1
163609at7041	C1
163611at7041	C1
163654at7041	C1
163779at7041	C1
163784at7041	C1
163802at7041	C1
163813at7041	C1
163815at7041	C1
163825at7041	C1
163826at7041	C1
163831at7041	C1
163858at7041	C1
163895at7041	C1
163933at7041	C1
163953at7041	C1
163956at7041	C1
163973at7041	C1
163994at7041	C1
164009at7041	C1
164025at7041	C1
164090at7041	C1
164135at7041	C1
164177at7041	C1
164191at7041	C1
164206at7041	C1
164250at7041	C1
164294at7041	C1
164295at7041	C1
164308at7041	C1
164333at7041	C1
164378at7041	C1
164386at7041	C1
164389at7041	C1
164414at7041	C1
164420at7041	C1
164453at7041	C1
164458at7041	C1
164461at7041	C1
164462at7041	C1
164523at7041	C1
164532at7041	C1
164539at7041	C1
164540at7041	C1
164551at7041	C1
164575at7041	C1
164603at7041	C1
164604at7041	C1
164610at7041	C1
164627at7041	C1
164662at7041	C1
164669at7041	C1
164678at7041	C1
164689at7041	C1
164710at7041	C1
164714at7041	C1
164718at7041	C1
164741at7041	C1
164751at7041	C1
164826at7041	C1
164858at7041	C1
164877at7041	C1
164926at7041	C1
164955at7041	C1
164961at7041	C1
164998at7041	C1
165023at7041	C1
165025at7041	C1
165081at7041	C1
165085at7041	C1
165086at7041	C1
165096at7041	C1
165104at7041	C1
165140at7041	C1
165152at7041	C1
165155at7041	C1
165162at7041	C1
165172at7041	C1
165205at7041	C1
165208at7041	C1
165220at7041	C1
165227at7041	C1
165279at7041	C1
165346at7041	C1
165394at7041	C1
165396at7041	C1
165399at7041	C1
165493at7041	C1
165526at7041	C1
165544at7041	C1
165568at7041	C1
165579at7041	C1
165593at7041	C1
165602at7041	C1
165626at7041	C1
165639at7041	C1
165649at7041	C1
165656at7041	C1
165666at7041	C1
165690at7041	C1
165720at7041	C1
165767at7041	C1
165811at7041	C1
165839at7041	C1
165844at7041	C1
165885at7041	C1
165900at7041	C1
165917at7041	C1
165971at7041	C1
165977at7041	C1
165996at7041	C1
166034at7041	C1
166045at7041	C1
166159at7041	C1
166209at7041	C1
166294at7041	C1
166299at7041	C1
166316at7041	C1
166329at7041	C1
166372at7041	C1
166434at7041	C1
166441at7041	C1
166452at7041	C1
166464at7041	C1
166465at7041	C1
166482at7041	C1
166509at7041	C1
16650at7041	C1
166550at7041	C1
166563at7041	C1
166564at7041	C1
166565at7041	C1
166566at7041	C1
166571at7041	C1
166599at7041	C1
166600at7041	C1
166639at7041	C1
166684at7041	C1
166713at7041	C1
166792at7041	C1
166796at7041	C1
166850at7041	C1
166859at7041	C1
166869at7041	C1
166871at7041	C1
166903at7041	C1
166907at7041	C1
166914at7041	C1
167005at7041	C1
167022at7041	C1
167043at7041	C1
167104at7041	C1
167161at7041	C1
167195at7041	C1
167332at7041	C1
167337at7041	C1
167365at7041	C1
167410at7041	C1
167419at7041	C1
167431at7041	C1
167439at7041	C1
167449at7041	C1
167459at7041	C1
167478at7041	C1
167559at7041	C1
167588at7041	C1
167606at7041	C1
167667at7041	C1
167677at7041	C1
167683at7041	C1
167701at7041	C1
167710at7041	C1
167715at7041	C1
167765at7041	C1
167796at7041	C1
167817at7041	C1
167820at7041	C1
167897at7041	C1
167919at7041	C1
167928at7041	C1
167954at7041	C1
167988at7041	C1
168008at7041	C1
168018at7041	C1
168053at7041	C1
168059at7041	C1
168063at7041	C1
168091at7041	C1
168164at7041	C1
168209at7041	C1
168236at7041	C1
168306at7041	C1
168307at7041	C1
168324at7041	C1
168332at7041	C1
168392at7041	C1
168406at7041	C1
168424at7041	C1
168457at7041	C1
168460at7041	C1
168487at7041	C1
168525at7041	C1
168533at7041	C1
168584at7041	C1
168626at7041	C1
168654at7041	C1
168668at7041	C1
168673at7041	C1
168679at7041	C1
168749at7041	C1
168817at7041	C1
168849at7041	C1
168853at7041	C1
168859at7041	C1
168879at7041	C1
168899at7041	C1
169010at7041	C1
169014at7041	C1
169051at7041	C1
169058at7041	C1
169114at7041	C1
169121at7041	C1
169147at7041	C1
169164at7041	C1
169174at7041	C1
169177at7041	C1
169287at7041	C1
169296at7041	C1
169307at7041	C1
169319at7041	C1
169340at7041	C1
169353at7041	C1
169366at7041	C1
169425at7041	C1
169461at7041	C1
169485at7041	C1
169494at7041	C1
169579at7041	C1
169629at7041	C1
169662at7041	C1
169690at7041	C1
169692at7041	C1
169701at7041	C1
169718at7041	C1
169732at7041	C1
169747at7041	C1
169758at7041	C1
169790at7041	C1
169824at7041	C1
169890at7041	C1
169892at7041	C1
169895at7041	C1
169920at7041	C1
169926at7041	C1
169933at7041	C1
169935at7041	C1
169942at7041	C1
169954at7041	C1
170013at7041	C1
170046at7041	C1
170050at7041	C1
170061at7041	C1
170136at7041	C1
170151at7041	C1
170155at7041	C1
170165at7041	C1
170255at7041	C1
170266at7041	C1
170268at7041	C1
170288at7041	C1
170292at7041	C1
170299at7041	C1
170315at7041	C1
170337at7041	C1
170340at7041	C1
170357at7041	C1
170361at7041	C1
170388at7041	C1
170396at7041	C1
170453at7041	C1
170457at7041	C1
170598at7041	C1
170680at7041	C1
170685at7041	C1
170712at7041	C1
170790at7041	C1
170794at7041	C1
170795at7041	C1
170834at7041	C1
170978at7041	C1
171025at7041	C1
171088at7041	C1
171144at7041	C1
171187at7041	C1
17428at7041	C1
17669at7041	C1
1777at7041	C1
17824at7041	C1
180at7041	C1
18138at7041	C1
18231at7041	C1
18266at7041	C1
1840at7041	C1
18444at7041	C1
18878at7041	C1
19012at7041	C1
19210at7041	C1
19359at7041	C1
1957at7041	C1
19589at7041	C1
19634at7041	C1
1986at7041	C1
19878at7041	C1
20205at7041	C1
20481at7041	C1
20649at7041	C1
20675at7041	C1
20767at7041	C1
21066at7041	C1
21311at7041	C1
21801at7041	C1
2207at7041	C1
22202at7041	C1
22882at7041	C1
23152at7041	C1
23155at7041	C1
23528at7041	C1
23721at7041	C1
23861at7041	C1
24066at7041	C1
24175at7041	C1
24536at7041	C1
24723at7041	C1
24866at7041	C1
24883at7041	C1
24972at7041	C1
24993at7041	C1
25347at7041	C1
25928at7041	C1
26082at7041	C1
26559at7041	C1
26638at7041	C1
26887at7041	C1
27037at7041	C1
27069at7041	C1
27075at7041	C1
27107at7041	C1
27300at7041	C1
27302at7041	C1
27305at7041	C1
27850at7041	C1
28258at7041	C1
28620at7041	C1
28693at7041	C1
28715at7041	C1
28920at7041	C1
29214at7041	C1
29252at7041	C1
29352at7041	C1
29574at7041	C1
29663at7041	C1
30173at7041	C1
30449at7041	C1
30722at7041	C1
30727at7041	C1
31399at7041	C1
31973at7041	C1
33079at7041	C1
33607at7041	C1
3360at7041	C1
33611at7041	C1
33656at7041	C1
33689at7041	C1
34287at7041	C1
3439at7041	C1
34440at7041	C1
34880at7041	C1
35003at7041	C1
35249at7041	C1
35300at7041	C1
35324at7041	C1
35328at7041	C1
35883at7041	C1
36031at7041	C1
36032at7041	C1
36390at7041	C1
36569at7041	C1
37034at7041	C1
37388at7041	C1
37391at7041	C1
37729at7041	C1
38078at7041	C1
39095at7041	C1
39810at7041	C1
39827at7041	C1
40103at7041	C1
40184at7041	C1
41144at7041	C1
41268at7041	C1
41576at7041	C1
41633at7041	C1
42154at7041	C1
42421at7041	C1
43003at7041	C1
43024at7041	C1
4306at7041	C1
43514at7041	C1
44169at7041	C1
44177at7041	C1
44188at7041	C1
44256at7041	C1
44276at7041	C1
44535at7041	C1
44778at7041	C1
45430at7041	C1
45735at7041	C1
4574at7041	C1
45804at7041	C1
4621at7041	C1
4657at7041	C1
46594at7041	C1
46831at7041	C1
47193at7041	C1
47638at7041	C1
47861at7041	C1
48017at7041	C1
48058at7041	C1
4864at7041	C1
48730at7041	C1
49182at7041	C1
49226at7041	C1
4924at7041	C1
49445at7041	C1
49697at7041	C1
49786at7041	C1
49831at7041	C1
49856at7041	C1
50172at7041	C1
50304at7041	C1
50436at7041	C1
50637at7041	C1
50655at7041	C1
50923at7041	C1
50972at7041	C1
51320at7041	C1
51380at7041	C1
51487at7041	C1
51516at7041	C1
51541at7041	C1
51562at7041	C1
52426at7041	C1
52514at7041	C1
52715at7041	C1
52868at7041	C1
53082at7041	C1
53181at7041	C1
53412at7041	C1
53438at7041	C1
53572at7041	C1
53793at7041	C1
53841at7041	C1
53883at7041	C1
54813at7041	C1
54972at7041	C1
55051at7041	C1
55347at7041	C1
55467at7041	C1
55521at7041	C1
55586at7041	C1
55679at7041	C1
55728at7041	C1
55783at7041	C1
56281at7041	C1
56328at7041	C1
56377at7041	C1
56956at7041	C1
57146at7041	C1
57378at7041	C1
58351at7041	C1
58474at7041	C1
59300at7041	C1
59809at7041	C1
5981at7041	C1
59906at7041	C1
59929at7041	C1
60009at7041	C1
60309at7041	C1
60590at7041	C1
60841at7041	C1
60995at7041	C1
61046at7041	C1
61212at7041	C1
61439at7041	C1
61709at7041	C1
61824at7041	C1
62051at7041	C1
62305at7041	C1
62318at7041	C1
62322at7041	C1
62328at7041	C1
62670at7041	C1
62761at7041	C1
63145at7041	C1
63152at7041	C1
63444at7041	C1
63874at7041	C1
63882at7041	C1
64062at7041	C1
64199at7041	C1
64203at7041	C1
64521at7041	C1
648at7041	C1
65068at7041	C1
6508at7041	C1
65101at7041	C1
65332at7041	C1
65492at7041	C1
65542at7041	C1
6586at7041	C1
66148at7041	C1
66328at7041	C1
6641at7041	C1
66890at7041	C1
67153at7041	C1
67252at7041	C1
67274at7041	C1
67288at7041	C1
67744at7041	C1
68032at7041	C1
68098at7041	C1
6810at7041	C1
68231at7041	C1
68385at7041	C1
68414at7041	C1
68931at7041	C1
68969at7041	C1
69321at7041	C1
69348at7041	C1
69350at7041	C1
69484at7041	C1
69604at7041	C1
7014at7041	C1
70405at7041	C1
70521at7041	C1
70655at7041	C1
70931at7041	C1
71128at7041	C1
7117at7041	C1
71398at7041	C1
71403at7041	C1
71465at7041	C1
7190at7041	C1
72102at7041	C1
72721at7041	C1
72880at7041	C1
72997at7041	C1
73339at7041	C1
73550at7041	C1
73584at7041	C1
73810at7041	C1
74425at7041	C1
7467at7041	C1
75078at7041	C1
75280at7041	C1
7532at7041	C1
754at7041	C1
757at7041	C1
75952at7041	C1
76053at7041	C1
76076at7041	C1
76533at7041	C1
76651at7041	C1
76654at7041	C1
76725at7041	C1
77170at7041	C1
77487at7041	C1
77734at7041	C1
77758at7041	C1
77811at7041	C1
77910at7041	C1
78215at7041	C1
78248at7041	C1
78368at7041	C1
78742at7041	C1
79192at7041	C1
79642at7041	C1
79646at7041	C1
79838at7041	C1
80014at7041	C1
80072at7041	C1
80563at7041	C1
80870at7041	C1
81146at7041	C1
8128at7041	C1
81670at7041	C1
82021at7041	C1
82079at7041	C1
82105at7041	C1
82560at7041	C1
82676at7041	C1
82750at7041	C1
82766at7041	C1
82808at7041	C1
83294at7041	C1
83510at7041	C1
83968at7041	C1
84065at7041	C1
84083at7041	C1
84088at7041	C1
84186at7041	C1
84474at7041	C1
84699at7041	C1
84925at7041	C1
84977at7041	C1
85216at7041	C1
85916at7041	C1
86010at7041	C1
860at7041	C1
86414at7041	C1
86909at7041	C1
87188at7041	C1
87224at7041	C1
87360at7041	C1
87429at7041	C1
87621at7041	C1
87816at7041	C1
87961at7041	C1
88223at7041	C1
88478at7041	C1
88765at7041	C1
88832at7041	C1
89157at7041	C1
89294at7041	C1
89562at7041	C1
89644at7041	C1
89763at7041	C1
89840at7041	C1
89904at7041	C1
9011at7041	C1
90167at7041	C1
90404at7041	C1
90495at7041	C1
90751at7041	C1
9076at7041	C1
9114at7041	C1
9153at7041	C1
91588at7041	C1
9160at7041	C1
91742at7041	C1
92051at7041	C1
92277at7041	C1
92325at7041	C1
92353at7041	C1
92510at7041	C1
92539at7041	C1
92747at7041	C1
92759at7041	C1
93160at7041	C1
93419at7041	C1
93453at7041	C1
93569at7041	C1
93591at7041	C1
93641at7041	C1
93865at7041	C1
94844at7041	C1
94845at7041	C1
94911at7041	C1
94961at7041	C1
95003at7041	C1
95024at7041	C1
9519at7041	C1
9562at7041	C1
95965at7041	C1
96234at7041	C1
96277at7041	C1
96422at7041	C1
96545at7041	C1
96548at7041	C1
9718at7041	C1
97390at7041	C1
97482at7041	C1
97674at7041	C1
97862at7041	C1
97898at7041	C1
97941at7041	C1
9860at7041	C1
98695at7041	C1
98769at7041	C1
98867at7041	C1
98969at7041	C1
99183at7041	C1
99236at7041	C1
99508at7041	C1
99928at7041	C1
99980at7041	C1
100433at7041	C2
100503at7041	C2
100937at7041	C2
100971at7041	C2
101313at7041	C2
101400at7041	C2
101802at7041	C2
101884at7041	C2
103222at7041	C2
103696at7041	C2
103741at7041	C2
104253at7041	C2
104721at7041	C2
104815at7041	C2
104949at7041	C2
105015at7041	C2
105210at7041	C2
105589at7041	C2
105771at7041	C2
106027at7041	C2
10639at7041	C2
107045at7041	C2
107233at7041	C2
107606at7041	C2
107631at7041	C2
108466at7041	C2
108515at7041	C2
108556at7041	C2
109058at7041	C2
109067at7041	C2
109255at7041	C2
109809at7041	C2
109858at7041	C2
110103at7041	C2
110790at7041	C2
111456at7041	C2
111940at7041	C2
11245at7041	C2
113989at7041	C2
114460at7041	C2
115137at7041	C2
115597at7041	C2
115734at7041	C2
115771at7041	C2
116190at7041	C2
116433at7041	C2
117191at7041	C2
118791at7041	C2
118899at7041	C2
118957at7041	C2
11899at7041	C2
119499at7041	C2
119947at7041	C2
120508at7041	C2
121048at7041	C2
121556at7041	C2
121685at7041	C2
122069at7041	C2
122837at7041	C2
123564at7041	C2
1246at7041	C2
124857at7041	C2
125271at7041	C2
125286at7041	C2
12570at7041	C2
126049at7041	C2
126330at7041	C2
127084at7041	C2
127146at7041	C2
12749at7041	C2
127977at7041	C2
128093at7041	C2
128594at7041	C2
128637at7041	C2
129499at7041	C2
133173at7041	C2
133316at7041	C2
133627at7041	C2
13472at7041	C2
13623at7041	C2
14018at7041	C2
14330at7041	C2
14463at7041	C2
14538at7041	C2
14865at7041	C2
14985at7041	C2
15268at7041	C2
15282at7041	C2
15356at7041	C2
163411at7041	C2
163472at7041	C2
163517at7041	C2
163526at7041	C2
163578at7041	C2
163582at7041	C2
163587at7041	C2
163613at7041	C2
163628at7041	C2
163687at7041	C2
163695at7041	C2
163700at7041	C2
163712at7041	C2
163761at7041	C2
163771at7041	C2
163790at7041	C2
163803at7041	C2
163827at7041	C2
163866at7041	C2
163883at7041	C2
163936at7041	C2
163943at7041	C2
163945at7041	C2
163980at7041	C2
164003at7041	C2
164042at7041	C2
164075at7041	C2
164093at7041	C2
164099at7041	C2
164213at7041	C2
164233at7041	C2
164243at7041	C2
164305at7041	C2
164322at7041	C2
164367at7041	C2
164384at7041	C2
164418at7041	C2
164435at7041	C2
164468at7041	C2
164481at7041	C2
164511at7041	C2
164554at7041	C2
164611at7041	C2
164663at7041	C2
164729at7041	C2
164738at7041	C2
164745at7041	C2
164771at7041	C2
164788at7041	C2
16479at7041	C2
164803at7041	C2
164822at7041	C2
164843at7041	C2
164882at7041	C2
164911at7041	C2
164916at7041	C2
164917at7041	C2
164924at7041	C2
164963at7041	C2
165012at7041	C2
165100at7041	C2
165137at7041	C2
165148at7041	C2
165190at7041	C2
165237at7041	C2
165268at7041	C2
165322at7041	C2
165329at7041	C2
165343at7041	C2
165357at7041	C2
165454at7041	C2
165460at7041	C2
165483at7041	C2
165515at7041	C2
165608at7041	C2
165624at7041	C2
165651at7041	C2
165752at7041	C2
165773at7041	C2
165804at7041	C2
165810at7041	C2
165833at7041	C2
165851at7041	C2
165852at7041	C2
165882at7041	C2
165897at7041	C2
165912at7041	C2
165942at7041	C2
166012at7041	C2
166105at7041	C2
166139at7041	C2
166141at7041	C2
166212at7041	C2
166223at7041	C2
166233at7041	C2
166255at7041	C2
166281at7041	C2
166285at7041	C2
166302at7041	C2
166314at7041	C2
166375at7041	C2
166395at7041	C2
166473at7041	C2
166487at7041	C2
166493at7041	C2
166506at7041	C2
166524at7041	C2
166614at7041	C2
166633at7041	C2
166654at7041	C2
166669at7041	C2
166689at7041	C2
166708at7041	C2
166743at7041	C2
166776at7041	C2
166804at7041	C2
166808at7041	C2
166809at7041	C2
166818at7041	C2
166821at7041	C2
166836at7041	C2
166852at7041	C2
166894at7041	C2
166921at7041	C2
166946at7041	C2
166957at7041	C2
166982at7041	C2
167025at7041	C2
167121at7041	C2
16713at7041	C2
167183at7041	C2
167243at7041	C2
167251at7041	C2
167357at7041	C2
167386at7041	C2
167408at7041	C2
167432at7041	C2
167440at7041	C2
167520at7041	C2
167546at7041	C2
167582at7041	C2
167654at7041	C2
167659at7041	C2
167660at7041	C2
167682at7041	C2
167688at7041	C2
167705at7041	C2
167758at7041	C2
167851at7041	C2
167888at7041	C2
167976at7041	C2
168003at7041	C2
168012at7041	C2
168019at7041	C2
168032at7041	C2
168152at7041	C2
168166at7041	C2
168244at7041	C2
168288at7041	C2
168304at7041	C2
168313at7041	C2
168364at7041	C2
168426at7041	C2
168464at7041	C2
168465at7041	C2
168466at7041	C2
168605at7041	C2
168631at7041	C2
168661at7041	C2
168678at7041	C2
168743at7041	C2
168778at7041	C2
168779at7041	C2
168791at7041	C2
168909at7041	C2
168920at7041	C2
168923at7041	C2
169004at7041	C2
169027at7041	C2
169030at7041	C2
169034at7041	C2
169036at7041	C2
169166at7041	C2
169186at7041	C2
169222at7041	C2
169237at7041	C2
169295at7041	C2
169347at7041	C2
169504at7041	C2
169524at7041	C2
169680at7041	C2
169768at7041	C2
169773at7041	C2
169782at7041	C2
169788at7041	C2
169803at7041	C2
169840at7041	C2
169865at7041	C2
169959at7041	C2
169972at7041	C2
170026at7041	C2
170027at7041	C2
170076at7041	C2
170129at7041	C2
170166at7041	C2
170197at7041	C2
170223at7041	C2
170229at7041	C2
170248at7041	C2
170254at7041	C2
170257at7041	C2
170282at7041	C2
170577at7041	C2
170585at7041	C2
170597at7041	C2
170673at7041	C2
170690at7041	C2
170748at7041	C2
170841at7041	C2
170869at7041	C2
170929at7041	C2
171010at7041	C2
171017at7041	C2
171071at7041	C2
171084at7041	C2
171102at7041	C2
171128at7041	C2
18730at7041	C2
1906at7041	C2
19232at7041	C2
19328at7041	C2
20148at7041	C2
20440at7041	C2
2104at7041	C2
21226at7041	C2
21299at7041	C2
21716at7041	C2
22192at7041	C2
22366at7041	C2
22566at7041	C2
22958at7041	C2
23016at7041	C2
23274at7041	C2
23860at7041	C2
24502at7041	C2
25749at7041	C2
25918at7041	C2
26293at7041	C2
26309at7041	C2
26626at7041	C2
27220at7041	C2
27510at7041	C2
27732at7041	C2
28054at7041	C2
28078at7041	C2
28127at7041	C2
28269at7041	C2
28463at7041	C2
29083at7041	C2
29182at7041	C2
29861at7041	C2
30055at7041	C2
30197at7041	C2
3085at7041	C2
31281at7041	C2
31406at7041	C2
32109at7041	C2
32229at7041	C2
32887at7041	C2
3317at7041	C2
33232at7041	C2
33262at7041	C2
35209at7041	C2
35232at7041	C2
35234at7041	C2
35248at7041	C2
3587at7041	C2
36429at7041	C2
37014at7041	C2
37046at7041	C2
3733at7041	C2
37737at7041	C2
37784at7041	C2
38173at7041	C2
38465at7041	C2
38688at7041	C2
39412at7041	C2
39648at7041	C2
39958at7041	C2
39991at7041	C2
40298at7041	C2
40342at7041	C2
40502at7041	C2
40658at7041	C2
40698at7041	C2
4118at7041	C2
41599at7041	C2
41696at7041	C2
41889at7041	C2
41910at7041	C2
42162at7041	C2
42170at7041	C2
42370at7041	C2
42704at7041	C2
42909at7041	C2
42914at7041	C2
43436at7041	C2
43516at7041	C2
43980at7041	C2
44752at7041	C2
45386at7041	C2
45420at7041	C2
45635at7041	C2
45784at7041	C2
45787at7041	C2
46039at7041	C2
46140at7041	C2
46166at7041	C2
46641at7041	C2
47137at7041	C2
47820at7041	C2
48106at7041	C2
48140at7041	C2
48547at7041	C2
4870at7041	C2
49012at7041	C2
49350at7041	C2
49812at7041	C2
50234at7041	C2
50422at7041	C2
50619at7041	C2
51083at7041	C2
517at7041	C2
52055at7041	C2
52134at7041	C2
5310at7041	C2
53535at7041	C2
5370at7041	C2
53805at7041	C2
54053at7041	C2
54678at7041	C2
54842at7041	C2
55234at7041	C2
55274at7041	C2
55520at7041	C2
55550at7041	C2
5634at7041	C2
56361at7041	C2
56449at7041	C2
56497at7041	C2
56735at7041	C2
56974at7041	C2
57239at7041	C2
57581at7041	C2
57765at7041	C2
57908at7041	C2
58066at7041	C2
583at7041	C2
58460at7041	C2
5859at7041	C2
58604at7041	C2
58719at7041	C2
59005at7041	C2
5901at7041	C2
59158at7041	C2
59574at7041	C2
59824at7041	C2
60026at7041	C2
60234at7041	C2
60625at7041	C2
60799at7041	C2
61038at7041	C2
6118at7041	C2
61698at7041	C2
62026at7041	C2
62359at7041	C2
62562at7041	C2
62874at7041	C2
63030at7041	C2
63242at7041	C2
63620at7041	C2
64522at7041	C2
64571at7041	C2
65625at7041	C2
65980at7041	C2
65982at7041	C2
66008at7041	C2
66170at7041	C2
66230at7041	C2
6687at7041	C2
67200at7041	C2
67593at7041	C2
676at7041	C2
68546at7041	C2
69163at7041	C2
69568at7041	C2
70572at7041	C2
71037at7041	C2
71051at7041	C2
71289at7041	C2
71763at7041	C2
71768at7041	C2
73743at7041	C2
73991at7041	C2
74599at7041	C2
74978at7041	C2
75303at7041	C2
75473at7041	C2
75611at7041	C2
75614at7041	C2
76011at7041	C2
7605at7041	C2
76103at7041	C2
76376at7041	C2
77476at7041	C2
77700at7041	C2
77905at7041	C2
7823at7041	C2
78361at7041	C2
78668at7041	C2
78966at7041	C2
793at7041	C2
79467at7041	C2
79515at7041	C2
8039at7041	C2
80601at7041	C2
80890at7041	C2
80919at7041	C2
81353at7041	C2
81411at7041	C2
82298at7041	C2
82327at7041	C2
82356at7041	C2
82362at7041	C2
82406at7041	C2
82441at7041	C2
82456at7041	C2
82660at7041	C2
83539at7041	C2
83583at7041	C2
83821at7041	C2
83908at7041	C2
84411at7041	C2
849at7041	C2
85349at7041	C2
85436at7041	C2
85815at7041	C2
85835at7041	C2
86111at7041	C2
8652at7041	C2
87303at7041	C2
87610at7041	C2
87873at7041	C2
88265at7041	C2
88778at7041	C2
89328at7041	C2
89374at7041	C2
89759at7041	C2
89801at7041	C2
90029at7041	C2
9013at7041	C2
90439at7041	C2
9060at7041	C2
90912at7041	C2
91389at7041	C2
91663at7041	C2
92093at7041	C2
92163at7041	C2
92178at7041	C2
92191at7041	C2
92266at7041	C2
92329at7041	C2
92412at7041	C2
92413at7041	C2
92985at7041	C2
9303at7041	C2
93303at7041	C2
93355at7041	C2
93519at7041	C2
93769at7041	C2
94524at7041	C2
94564at7041	C2
94778at7041	C2
9574at7041	C2
95949at7041	C2
9598at7041	C2
96363at7041	C2
96414at7041	C2
97029at7041	C2
97567at7041	C2
97854at7041	C2
9809at7041	C2
98197at7041	C2
98810at7041	C2
99138at7041	C2
99552at7041	C2
99835at7041	C2
100793at7041	C3
100922at7041	C3
100939at7041	C3
101816at7041	C3
102863at7041	C3
103218at7041	C3
103942at7041	C3
10397at7041	C3
104090at7041	C3
104461at7041	C3
104571at7041	C3
104793at7041	C3
104821at7041	C3
105205at7041	C3
105867at7041	C3
106159at7041	C3
106261at7041	C3
106903at7041	C3
107145at7041	C3
107254at7041	C3
107359at7041	C3
107951at7041	C3
107988at7041	C3
10805at7041	C3
108210at7041	C3
108346at7041	C3
108407at7041	C3
108743at7041	C3
108986at7041	C3
110202at7041	C3
110876at7041	C3
111152at7041	C3
11117at7041	C3
112162at7041	C3
112791at7041	C3
113337at7041	C3
114999at7041	C3
115050at7041	C3
11507at7041	C3
115315at7041	C3
115524at7041	C3
115598at7041	C3
116058at7041	C3
116386at7041	C3
116913at7041	C3
117113at7041	C3
118284at7041	C3
119152at7041	C3
12047at7041	C3
120539at7041	C3
122499at7041	C3
122900at7041	C3
123290at7041	C3
123451at7041	C3
124994at7041	C3
12571at7041	C3
126168at7041	C3
128650at7041	C3
129095at7041	C3
13019at7041	C3
130670at7041	C3
131696at7041	C3
132223at7041	C3
13228at7041	C3
133090at7041	C3
133100at7041	C3
133306at7041	C3
134329at7041	C3
135746at7041	C3
135753at7041	C3
135785at7041	C3
13619at7041	C3
1422at7041	C3
14787at7041	C3
15046at7041	C3
15764at7041	C3
157at7041	C3
15963at7041	C3
16179at7041	C3
163459at7041	C3
163492at7041	C3
163506at7041	C3
163550at7041	C3
163557at7041	C3
163572at7041	C3
163699at7041	C3
163722at7041	C3
163726at7041	C3
163740at7041	C3
163801at7041	C3
163910at7041	C3
163970at7041	C3
164018at7041	C3
164069at7041	C3
164096at7041	C3
164150at7041	C3
16415at7041	C3
164172at7041	C3
164202at7041	C3
164214at7041	C3
164256at7041	C3
164262at7041	C3
164291at7041	C3
16432at7041	C3
164342at7041	C3
164353at7041	C3
164383at7041	C3
164432at7041	C3
164502at7041	C3
164538at7041	C3
164564at7041	C3
164621at7041	C3
164630at7041	C3
164644at7041	C3
164650at7041	C3
164654at7041	C3
164667at7041	C3
164699at7041	C3
164823at7041	C3
164895at7041	C3
164962at7041	C3
165000at7041	C3
165004at7041	C3
165040at7041	C3
165077at7041	C3
165109at7041	C3
165180at7041	C3
165217at7041	C3
165267at7041	C3
165360at7041	C3
165375at7041	C3
165377at7041	C3
165430at7041	C3
165648at7041	C3
165653at7041	C3
165670at7041	C3
165731at7041	C3
165791at7041	C3
165911at7041	C3
165921at7041	C3
166048at7041	C3
166075at7041	C3
166137at7041	C3
166235at7041	C3
166256at7041	C3
166277at7041	C3
166366at7041	C3
166389at7041	C3
166416at7041	C3
166521at7041	C3
166548at7041	C3
166582at7041	C3
166610at7041	C3
166621at7041	C3
166651at7041	C3
166712at7041	C3
166721at7041	C3
166735at7041	C3
166748at7041	C3
166780at7041	C3
166785at7041	C3
166789at7041	C3
166801at7041	C3
166823at7041	C3
166886at7041	C3
166898at7041	C3
166920at7041	C3
16695at7041	C3
166984at7041	C3
167000at7041	C3
167013at7041	C3
167019at7041	C3
167072at7041	C3
167088at7041	C3
167280at7041	C3
167296at7041	C3
167308at7041	C3
167418at7041	C3
167429at7041	C3
167443at7041	C3
167473at7041	C3
167663at7041	C3
167675at7041	C3
167742at7041	C3
167795at7041	C3
167798at7041	C3
167873at7041	C3
167882at7041	C3
167922at7041	C3
167930at7041	C3
168015at7041	C3
168028at7041	C3
168034at7041	C3
168065at7041	C3
168068at7041	C3
168074at7041	C3
168104at7041	C3
168171at7041	C3
168223at7041	C3
168232at7041	C3
168286at7041	C3
168294at7041	C3
168303at7041	C3
168351at7041	C3
168352at7041	C3
168396at7041	C3
168458at7041	C3
168462at7041	C3
168493at7041	C3
168523at7041	C3
168592at7041	C3
168599at7041	C3
168630at7041	C3
168691at7041	C3
168819at7041	C3
168857at7041	C3
168874at7041	C3
168883at7041	C3
168926at7041	C3
168936at7041	C3
169000at7041	C3
169008at7041	C3
169105at7041	C3
169120at7041	C3
169133at7041	C3
169253at7041	C3
169275at7041	C3
169354at7041	C3
169408at7041	C3
169432at7041	C3
169477at7041	C3
169538at7041	C3
169678at7041	C3
169706at7041	C3
169710at7041	C3
169722at7041	C3
169794at7041	C3
169885at7041	C3
169921at7041	C3
169932at7041	C3
169983at7041	C3
170038at7041	C3
170085at7041	C3
170092at7041	C3
170222at7041	C3
170468at7041	C3
170524at7041	C3
170546at7041	C3
170632at7041	C3
170635at7041	C3
170693at7041	C3
170757at7041	C3
170816at7041	C3
170949at7041	C3
171050at7041	C3
171051at7041	C3
17185at7041	C3
17247at7041	C3
1728at7041	C3
17322at7041	C3
17404at7041	C3
17748at7041	C3
1789at7041	C3
17942at7041	C3
18040at7041	C3
18068at7041	C3
18131at7041	C3
19013at7041	C3
1929at7041	C3
19626at7041	C3
19709at7041	C3
19758at7041	C3
19804at7041	C3
199at7041	C3
20331at7041	C3
20919at7041	C3
20929at7041	C3
20980at7041	C3
21352at7041	C3
21849at7041	C3
21927at7041	C3
22338at7041	C3
22646at7041	C3
23838at7041	C3
23956at7041	C3
24212at7041	C3
24257at7041	C3
24348at7041	C3
2499at7041	C3
25599at7041	C3
2603at7041	C3
26221at7041	C3
26481at7041	C3
26720at7041	C3
2764at7041	C3
27922at7041	C3
2807at7041	C3
28507at7041	C3
29231at7041	C3
29817at7041	C3
30232at7041	C3
30650at7041	C3
306at7041	C3
3092at7041	C3
31547at7041	C3
31878at7041	C3
31910at7041	C3
32120at7041	C3
32291at7041	C3
3247at7041	C3
32643at7041	C3
33100at7041	C3
33750at7041	C3
34040at7041	C3
34169at7041	C3
34247at7041	C3
34821at7041	C3
35033at7041	C3
35115at7041	C3
37111at7041	C3
37385at7041	C3
37767at7041	C3
38118at7041	C3
38154at7041	C3
38344at7041	C3
38850at7041	C3
39164at7041	C3
39226at7041	C3
39875at7041	C3
40264at7041	C3
40272at7041	C3
40417at7041	C3
41074at7041	C3
41116at7041	C3
41208at7041	C3
41843at7041	C3
41905at7041	C3
41965at7041	C3
41988at7041	C3
41989at7041	C3
42196at7041	C3
42631at7041	C3
42737at7041	C3
43315at7041	C3
43504at7041	C3
43810at7041	C3
4406at7041	C3
44214at7041	C3
44880at7041	C3
45895at7041	C3
45933at7041	C3
45993at7041	C3
46099at7041	C3
46176at7041	C3
46186at7041	C3
46237at7041	C3
46713at7041	C3
48084at7041	C3
48148at7041	C3
48219at7041	C3
48354at7041	C3
49194at7041	C3
49281at7041	C3
49603at7041	C3
49607at7041	C3
49681at7041	C3
49716at7041	C3
49760at7041	C3
49842at7041	C3
50103at7041	C3
50769at7041	C3
50774at7041	C3
5081at7041	C3
51617at7041	C3
51752at7041	C3
52271at7041	C3
52777at7041	C3
53365at7041	C3
53421at7041	C3
53838at7041	C3
54021at7041	C3
54536at7041	C3
55213at7041	C3
55577at7041	C3
56435at7041	C3
56535at7041	C3
56926at7041	C3
56977at7041	C3
57058at7041	C3
57074at7041	C3
57736at7041	C3
58489at7041	C3
59134at7041	C3
59333at7041	C3
59353at7041	C3
59711at7041	C3
59914at7041	C3
59951at7041	C3
60087at7041	C3
60367at7041	C3
60587at7041	C3
6098at7041	C3
61433at7041	C3
6163at7041	C3
61649at7041	C3
61739at7041	C3
62951at7041	C3
63112at7041	C3
63496at7041	C3
63595at7041	C3
63674at7041	C3
64010at7041	C3
64171at7041	C3
64249at7041	C3
64787at7041	C3
6511at7041	C3
65511at7041	C3
65639at7041	C3
65654at7041	C3
65909at7041	C3
66843at7041	C3
68147at7041	C3
68589at7041	C3
68601at7041	C3
69481at7041	C3
70191at7041	C3
70238at7041	C3
70709at7041	C3
70824at7041	C3
71152at7041	C3
71466at7041	C3
7188at7041	C3
72185at7041	C3
73020at7041	C3
73038at7041	C3
73539at7041	C3
73972at7041	C3
74685at7041	C3
74706at7041	C3
75037at7041	C3
75088at7041	C3
75226at7041	C3
75367at7041	C3
75544at7041	C3
75553at7041	C3
75772at7041	C3
75799at7041	C3
76003at7041	C3
76826at7041	C3
77498at7041	C3
7778at7041	C3
78369at7041	C3
78691at7041	C3
78778at7041	C3
79659at7041	C3
80272at7041	C3
80487at7041	C3
80792at7041	C3
80931at7041	C3
80981at7041	C3
81199at7041	C3
81668at7041	C3
81840at7041	C3
82064at7041	C3
82237at7041	C3
82480at7041	C3
82616at7041	C3
8274at7041	C3
82946at7041	C3
83685at7041	C3
83906at7041	C3
84395at7041	C3
84690at7041	C3
84905at7041	C3
85332at7041	C3
8547at7041	C3
85734at7041	C3
85832at7041	C3
85970at7041	C3
8599at7041	C3
86131at7041	C3
86201at7041	C3
86264at7041	C3
862at7041	C3
86328at7041	C3
86700at7041	C3
86923at7041	C3
87808at7041	C3
87842at7041	C3
87844at7041	C3
88020at7041	C3
88587at7041	C3
8858at7041	C3
89533at7041	C3
90169at7041	C3
90609at7041	C3
91014at7041	C3
91198at7041	C3
91730at7041	C3
91747at7041	C3
91774at7041	C3
92630at7041	C3
92849at7041	C3
93385at7041	C3
94712at7041	C3
94958at7041	C3
95741at7041	C3
95904at7041	C3
96252at7041	C3
96446at7041	C3
96559at7041	C3
96714at7041	C3
96898at7041	C3
9698at7041	C3
97656at7041	C3
981at7041	C3
99595at7041	C3
99714at7041	C3
99974at7041	C3
100120at7041	C4
100406at7041	C4
100544at7041	C4
100781at7041	C4
101156at7041	C4
101951at7041	C4
102196at7041	C4
102292at7041	C4
102775at7041	C4
10287at7041	C4
103039at7041	C4
104441at7041	C4
104597at7041	C4
104936at7041	C4
10508at7041	C4
105449at7041	C4
10560at7041	C4
105735at7041	C4
106012at7041	C4
106094at7041	C4
106250at7041	C4
106303at7041	C4
10662at7041	C4
106957at7041	C4
107344at7041	C4
107444at7041	C4
107840at7041	C4
108381at7041	C4
108730at7041	C4
109014at7041	C4
109036at7041	C4
109201at7041	C4
109329at7041	C4
111129at7041	C4
111459at7041	C4
111502at7041	C4
1119at7041	C4
112096at7041	C4
112534at7041	C4
113220at7041	C4
113476at7041	C4
113530at7041	C4
116158at7041	C4
117248at7041	C4
117266at7041	C4
118442at7041	C4
118570at7041	C4
119043at7041	C4
119165at7041	C4
120219at7041	C4
120377at7041	C4
12138at7041	C4
12206at7041	C4
122139at7041	C4
122237at7041	C4
122770at7041	C4
123259at7041	C4
123400at7041	C4
1235at7041	C4
123781at7041	C4
123899at7041	C4
124968at7041	C4
124990at7041	C4
125046at7041	C4
125168at7041	C4
125289at7041	C4
125741at7041	C4
125887at7041	C4
12599at7041	C4
127093at7041	C4
127272at7041	C4
127770at7041	C4
128073at7041	C4
13014at7041	C4
13093at7041	C4
131167at7041	C4
13116at7041	C4
131243at7041	C4
132691at7041	C4
133642at7041	C4
133960at7041	C4
135107at7041	C4
135235at7041	C4
13543at7041	C4
1358at7041	C4
13594at7041	C4
136253at7041	C4
13754at7041	C4
13902at7041	C4
14033at7041	C4
14106at7041	C4
14113at7041	C4
14284at7041	C4
14530at7041	C4
14801at7041	C4
15319at7041	C4
15685at7041	C4
163444at7041	C4
163470at7041	C4
163495at7041	C4
163537at7041	C4
163560at7041	C4
163574at7041	C4
163748at7041	C4
163768at7041	C4
163769at7041	C4
163817at7041	C4
163832at7041	C4
163833at7041	C4
163959at7041	C4
164115at7041	C4
164125at7041	C4
164200at7041	C4
164270at7041	C4
164298at7041	C4
16436at7041	C4
164451at7041	C4
164472at7041	C4
164656at7041	C4
164657at7041	C4
164670at7041	C4
164709at7041	C4
164719at7041	C4
164721at7041	C4
164736at7041	C4
164769at7041	C4
164773at7041	C4
164793at7041	C4
164833at7041	C4
164872at7041	C4
16490at7041	C4
164937at7041	C4
164976at7041	C4
164990at7041	C4
164994at7041	C4
165037at7041	C4
165206at7041	C4
165280at7041	C4
165341at7041	C4
165423at7041	C4
165434at7041	C4
165451at7041	C4
165453at7041	C4
165471at7041	C4
165533at7041	C4
165540at7041	C4
165633at7041	C4
165637at7041	C4
165692at7041	C4
165779at7041	C4
165797at7041	C4
165818at7041	C4
165877at7041	C4
165934at7041	C4
165999at7041	C4
165at7041	C4
166010at7041	C4
166038at7041	C4
166072at7041	C4
166178at7041	C4
166179at7041	C4
166226at7041	C4
166228at7041	C4
166246at7041	C4
166278at7041	C4
166280at7041	C4
166308at7041	C4
166350at7041	C4
166407at7041	C4
166431at7041	C4
166454at7041	C4
166530at7041	C4
166551at7041	C4
166557at7041	C4
166561at7041	C4
166586at7041	C4
166644at7041	C4
166715at7041	C4
16672at7041	C4
166740at7041	C4
166872at7041	C4
166890at7041	C4
166906at7041	C4
166942at7041	C4
167127at7041	C4
167160at7041	C4
167247at7041	C4
167293at7041	C4
167294at7041	C4
167304at7041	C4
167356at7041	C4
167373at7041	C4
167411at7041	C4
167507at7041	C4
167563at7041	C4
167624at7041	C4
167658at7041	C4
167678at7041	C4
167692at7041	C4
167713at7041	C4
167819at7041	C4
167935at7041	C4
167944at7041	C4
167956at7041	C4
168013at7041	C4
168081at7041	C4
168243at7041	C4
168370at7041	C4
168418at7041	C4
168477at7041	C4
168501at7041	C4
168502at7041	C4
168503at7041	C4
168543at7041	C4
168547at7041	C4
168612at7041	C4
168635at7041	C4
168663at7041	C4
168726at7041	C4
168752at7041	C4
168753at7041	C4
168783at7041	C4
168862at7041	C4
168900at7041	C4
168959at7041	C4
168962at7041	C4
168993at7041	C4
169035at7041	C4
169062at7041	C4
169108at7041	C4
169162at7041	C4
169179at7041	C4
169374at7041	C4
169399at7041	C4
169503at7041	C4
169523at7041	C4
169607at7041	C4
169668at7041	C4
169992at7041	C4
170006at7041	C4
170008at7041	C4
170036at7041	C4
170073at7041	C4
170074at7041	C4
170260at7041	C4
170330at7041	C4
170353at7041	C4
170358at7041	C4
170383at7041	C4
170395at7041	C4
170406at7041	C4
170644at7041	C4
170664at7041	C4
170679at7041	C4
170681at7041	C4
170704at7041	C4
170722at7041	C4
170760at7041	C4
170885at7041	C4
171093at7041	C4
171172at7041	C4
171192at7041	C4
17493at7041	C4
17722at7041	C4
17837at7041	C4
18254at7041	C4
18585at7041	C4
18792at7041	C4
1948at7041	C4
19538at7041	C4
19725at7041	C4
19982at7041	C4
20221at7041	C4
20379at7041	C4
20474at7041	C4
2084at7041	C4
20850at7041	C4
2131at7041	C4
21812at7041	C4
22116at7041	C4
22628at7041	C4
24166at7041	C4
24677at7041	C4
24938at7041	C4
25604at7041	C4
26196at7041	C4
26233at7041	C4
26785at7041	C4
2696at7041	C4
27503at7041	C4
28777at7041	C4
29109at7041	C4
30013at7041	C4
30176at7041	C4
30369at7041	C4
31028at7041	C4
31288at7041	C4
31496at7041	C4
31727at7041	C4
32743at7041	C4
3369at7041	C4
34299at7041	C4
34426at7041	C4
3448at7041	C4
34789at7041	C4
35052at7041	C4
35259at7041	C4
3590at7041	C4
36491at7041	C4
36629at7041	C4
36701at7041	C4
37022at7041	C4
37288at7041	C4
3751at7041	C4
37760at7041	C4
38275at7041	C4
38915at7041	C4
4002at7041	C4
40174at7041	C4
40223at7041	C4
41565at7041	C4
41948at7041	C4
41995at7041	C4
42139at7041	C4
42651at7041	C4
42720at7041	C4
43796at7041	C4
44115at7041	C4
44203at7041	C4
44973at7041	C4
45391at7041	C4
45826at7041	C4
46089at7041	C4
46472at7041	C4
47090at7041	C4
47160at7041	C4
47442at7041	C4
47693at7041	C4
47836at7041	C4
48087at7041	C4
49004at7041	C4
49323at7041	C4
49921at7041	C4
50750at7041	C4
50847at7041	C4
50918at7041	C4
50944at7041	C4
51004at7041	C4
51359at7041	C4
51475at7041	C4
51784at7041	C4
51820at7041	C4
52088at7041	C4
52123at7041	C4
52358at7041	C4
5264at7041	C4
53518at7041	C4
5368at7041	C4
53983at7041	C4
54314at7041	C4
54547at7041	C4
54621at7041	C4
5498at7041	C4
54990at7041	C4
55687at7041	C4
56028at7041	C4
56404at7041	C4
57035at7041	C4
57615at7041	C4
57700at7041	C4
57800at7041	C4
58106at7041	C4
58432at7041	C4
58484at7041	C4
58501at7041	C4
58696at7041	C4
58873at7041	C4
58916at7041	C4
58921at7041	C4
59358at7041	C4
59398at7041	C4
59408at7041	C4
59842at7041	C4
59893at7041	C4
5990at7041	C4
60173at7041	C4
60232at7041	C4
60495at7041	C4
60797at7041	C4
61280at7041	C4
61322at7041	C4
6205at7041	C4
6229at7041	C4
62921at7041	C4
6310at7041	C4
631at7041	C4
63703at7041	C4
63734at7041	C4
64117at7041	C4
64233at7041	C4
64407at7041	C4
64487at7041	C4
6496at7041	C4
64973at7041	C4
65186at7041	C4
65404at7041	C4
66082at7041	C4
6634at7041	C4
66900at7041	C4
68567at7041	C4
68814at7041	C4
69299at7041	C4
69628at7041	C4
69710at7041	C4
71083at7041	C4
71678at7041	C4
71942at7041	C4
72501at7041	C4
72896at7041	C4
72939at7041	C4
73862at7041	C4
74167at7041	C4
74598at7041	C4
74755at7041	C4
75419at7041	C4
75629at7041	C4
75747at7041	C4
76228at7041	C4
78770at7041	C4
79082at7041	C4
79216at7041	C4
80961at7041	C4
81674at7041	C4
82423at7041	C4
83333at7041	C4
83506at7041	C4
84273at7041	C4
84402at7041	C4
84994at7041	C4
85667at7041	C4
85807at7041	C4
86142at7041	C4
86392at7041	C4
86427at7041	C4
86536at7041	C4
87941at7041	C4
88929at7041	C4
89323at7041	C4
89588at7041	C4
8983at7041	C4
90296at7041	C4
90435at7041	C4
90976at7041	C4
91076at7041	C4
91122at7041	C4
91284at7041	C4
91406at7041	C4
92203at7041	C4
9221at7041	C4
92227at7041	C4
92335at7041	C4
92456at7041	C4
92506at7041	C4
93420at7041	C4
94523at7041	C4
94693at7041	C4
94801at7041	C4
95046at7041	C4
95245at7041	C4
95402at7041	C4
95714at7041	C4
95805at7041	C4
96109at7041	C4
97039at7041	C4
97123at7041	C4
97870at7041	C4
97914at7041	C4
98080at7041	C4
98244at7041	C4
98594at7041	C4
98692at7041	C4
99179at7041	C4
99576at7041	C4
99689at7041	C4
99885at7041	C4
100792at7041	C5
101843at7041	C5
101860at7041	C5
102220at7041	C5
103083at7041	C5
103236at7041	C5
103349at7041	C5
103386at7041	C5
103539at7041	C5
103762at7041	C5
104221at7041	C5
105088at7041	C5
105414at7041	C5
105863at7041	C5
105984at7041	C5
106105at7041	C5
106926at7041	C5
108169at7041	C5
108206at7041	C5
109603at7041	C5
110195at7041	C5
11065at7041	C5
111046at7041	C5
11114at7041	C5
111626at7041	C5
112402at7041	C5
114812at7041	C5
115118at7041	C5
116222at7041	C5
117805at7041	C5
118168at7041	C5
118703at7041	C5
119289at7041	C5
120524at7041	C5
12089at7041	C5
120980at7041	C5
121585at7041	C5
12178at7041	C5
122564at7041	C5
122830at7041	C5
12428at7041	C5
12516at7041	C5
125370at7041	C5
125894at7041	C5
126246at7041	C5
12725at7041	C5
127817at7041	C5
128785at7041	C5
129360at7041	C5
129547at7041	C5
129780at7041	C5
130101at7041	C5
133269at7041	C5
13518at7041	C5
135299at7041	C5
135379at7041	C5
135814at7041	C5
136380at7041	C5
14314at7041	C5
1472at7041	C5
15026at7041	C5
163426at7041	C5
163487at7041	C5
163519at7041	C5
163584at7041	C5
163593at7041	C5
163622at7041	C5
163646at7041	C5
163655at7041	C5
163694at7041	C5
163707at7041	C5
163861at7041	C5
163913at7041	C5
164066at7041	C5
164085at7041	C5
164108at7041	C5
164162at7041	C5
164171at7041	C5
164275at7041	C5
164301at7041	C5
164314at7041	C5
164374at7041	C5
164419at7041	C5
164427at7041	C5
164570at7041	C5
164592at7041	C5
164608at7041	C5
164641at7041	C5
164646at7041	C5
164780at7041	C5
164839at7041	C5
164957at7041	C5
164964at7041	C5
164974at7041	C5
165002at7041	C5
165043at7041	C5
165119at7041	C5
165127at7041	C5
165131at7041	C5
165247at7041	C5
165326at7041	C5
165398at7041	C5
165416at7041	C5
165470at7041	C5
165694at7041	C5
165724at7041	C5
165813at7041	C5
165853at7041	C5
165870at7041	C5
165913at7041	C5
166002at7041	C5
166090at7041	C5
166206at7041	C5
166258at7041	C5
166263at7041	C5
166373at7041	C5
166418at7041	C5
166422at7041	C5
166456at7041	C5
166505at7041	C5
166523at7041	C5
166526at7041	C5
166532at7041	C5
166570at7041	C5
166576at7041	C5
166634at7041	C5
166680at7041	C5
166753at7041	C5
166774at7041	C5
167150at7041	C5
167164at7041	C5
167177at7041	C5
167178at7041	C5
167197at7041	C5
167324at7041	C5
167358at7041	C5
167479at7041	C5
167533at7041	C5
167585at7041	C5
167709at7041	C5
167736at7041	C5
167781at7041	C5
167789at7041	C5
167839at7041	C5
167902at7041	C5
168023at7041	C5
168025at7041	C5
168076at7041	C5
168238at7041	C5
168245at7041	C5
168274at7041	C5
168299at7041	C5
168365at7041	C5
168366at7041	C5
168456at7041	C5
168468at7041	C5
168529at7041	C5
168740at7041	C5
168756at7041	C5
168770at7041	C5
168873at7041	C5
168878at7041	C5
168904at7041	C5
168941at7041	C5
168963at7041	C5
16904at7041	C5
169106at7041	C5
169175at7041	C5
169181at7041	C5
169189at7041	C5
16930at7041	C5
169358at7041	C5
169420at7041	C5
169550at7041	C5
169568at7041	C5
169628at7041	C5
169648at7041	C5
169764at7041	C5
169789at7041	C5
169793at7041	C5
169809at7041	C5
169899at7041	C5
170000at7041	C5
170133at7041	C5
170142at7041	C5
170258at7041	C5
170507at7041	C5
170525at7041	C5
170710at7041	C5
170826at7041	C5
170930at7041	C5
170959at7041	C5
171004at7041	C5
18901at7041	C5
19001at7041	C5
19175at7041	C5
1923at7041	C5
19505at7041	C5
19609at7041	C5
20546at7041	C5
2099at7041	C5
21176at7041	C5
21202at7041	C5
22749at7041	C5
22805at7041	C5
23841at7041	C5
24571at7041	C5
2574at7041	C5
27420at7041	C5
27721at7041	C5
27802at7041	C5
28502at7041	C5
28628at7041	C5
28897at7041	C5
2893at7041	C5
29251at7041	C5
29484at7041	C5
30147at7041	C5
30397at7041	C5
30751at7041	C5
30887at7041	C5
31672at7041	C5
31726at7041	C5
32356at7041	C5
32526at7041	C5
32567at7041	C5
33788at7041	C5
33858at7041	C5
34796at7041	C5
36289at7041	C5
38076at7041	C5
3841at7041	C5
39703at7041	C5
39712at7041	C5
41548at7041	C5
41865at7041	C5
42104at7041	C5
42149at7041	C5
42432at7041	C5
42930at7041	C5
43171at7041	C5
43734at7041	C5
44353at7041	C5
44488at7041	C5
44971at7041	C5
45150at7041	C5
45392at7041	C5
45840at7041	C5
46227at7041	C5
46347at7041	C5
47275at7041	C5
47667at7041	C5
4775at7041	C5
47781at7041	C5
48575at7041	C5
48578at7041	C5
49357at7041	C5
49800at7041	C5
50621at7041	C5
50837at7041	C5
5143at7041	C5
51543at7041	C5
51964at7041	C5
52594at7041	C5
52887at7041	C5
52964at7041	C5
53284at7041	C5
53310at7041	C5
53711at7041	C5
5458at7041	C5
54715at7041	C5
54745at7041	C5
55821at7041	C5
56282at7041	C5
56837at7041	C5
57569at7041	C5
57669at7041	C5
58262at7041	C5
58492at7041	C5
59104at7041	C5
59537at7041	C5
59671at7041	C5
60109at7041	C5
61207at7041	C5
62041at7041	C5
62114at7041	C5
62961at7041	C5
64186at7041	C5
64463at7041	C5
64595at7041	C5
64945at7041	C5
65820at7041	C5
66395at7041	C5
67879at7041	C5
67956at7041	C5
68030at7041	C5
68148at7041	C5
68473at7041	C5
68545at7041	C5
68930at7041	C5
7019at7041	C5
70840at7041	C5
71097at7041	C5
71261at7041	C5
72222at7041	C5
72476at7041	C5
72686at7041	C5
73096at7041	C5
73383at7041	C5
74174at7041	C5
7483at7041	C5
75259at7041	C5
76338at7041	C5
7762at7041	C5
77693at7041	C5
7815at7041	C5
79281at7041	C5
79694at7041	C5
80069at7041	C5
80179at7041	C5
81103at7041	C5
82691at7041	C5
83031at7041	C5
8327at7041	C5
83556at7041	C5
83594at7041	C5
84030at7041	C5
84352at7041	C5
84376at7041	C5
85004at7041	C5
86006at7041	C5
86139at7041	C5
86157at7041	C5
86669at7041	C5
87126at7041	C5
87171at7041	C5
87328at7041	C5
87362at7041	C5
87367at7041	C5
87998at7041	C5
88200at7041	C5
88466at7041	C5
89939at7041	C5
90841at7041	C5
91437at7041	C5
92118at7041	C5
92160at7041	C5
92495at7041	C5
92666at7041	C5
92783at7041	C5
93212at7041	C5
93436at7041	C5
93801at7041	C5
94039at7041	C5
96056at7041	C5
96209at7041	C5
96344at7041	C5
96622at7041	C5
96668at7041	C5
97213at7041	C5
101100at7041	C6
103923at7041	C6
104057at7041	C6
106677at7041	C6
106815at7041	C6
107072at7041	C6
107154at7041	C6
107902at7041	C6
1086at7041	C6
109696at7041	C6
110718at7041	C6
111151at7041	C6
111847at7041	C6
112128at7041	C6
112971at7041	C6
114061at7041	C6
114486at7041	C6
114708at7041	C6
116369at7041	C6
116500at7041	C6
116597at7041	C6
117203at7041	C6
117306at7041	C6
117506at7041	C6
118771at7041	C6
120806at7041	C6
121842at7041	C6
123136at7041	C6
123828at7041	C6
124026at7041	C6
124138at7041	C6
126453at7041	C6
126615at7041	C6
126977at7041	C6
127517at7041	C6
127618at7041	C6
128134at7041	C6
129442at7041	C6
130941at7041	C6
130957at7041	C6
131776at7041	C6
135736at7041	C6
13694at7041	C6
14128at7041	C6
14692at7041	C6
14813at7041	C6
14917at7041	C6
15153at7041	C6
15949at7041	C6
163448at7041	C6
163551at7041	C6
163639at7041	C6
163703at7041	C6
163781at7041	C6
163787at7041	C6
163799at7041	C6
163810at7041	C6
163855at7041	C6
16393at7041	C6
163996at7041	C6
163998at7041	C6
164011at7041	C6
164054at7041	C6
164112at7041	C6
164164at7041	C6
164236at7041	C6
164254at7041	C6
164278at7041	C6
164289at7041	C6
164324at7041	C6
164397at7041	C6
164444at7041	C6
164537at7041	C6
164778at7041	C6
164805at7041	C6
164874at7041	C6
164889at7041	C6
165097at7041	C6
165187at7041	C6
165302at7041	C6
165324at7041	C6
165342at7041	C6
165361at7041	C6
165412at7041	C6
165439at7041	C6
165445at7041	C6
165461at7041	C6
165703at7041	C6
165764at7041	C6
165769at7041	C6
165873at7041	C6
165895at7041	C6
165947at7041	C6
166113at7041	C6
166118at7041	C6
16619at7041	C6
166254at7041	C6
166331at7041	C6
166338at7041	C6
166412at7041	C6
166460at7041	C6
166588at7041	C6
166591at7041	C6
166592at7041	C6
166613at7041	C6
166632at7041	C6
166727at7041	C6
166732at7041	C6
166791at7041	C6
166843at7041	C6
166892at7041	C6
167027at7041	C6
167184at7041	C6
167216at7041	C6
167547at7041	C6
167571at7041	C6
167574at7041	C6
167618at7041	C6
167664at7041	C6
167672at7041	C6
167726at7041	C6
167797at7041	C6
167807at7041	C6
167827at7041	C6
167994at7041	C6
168092at7041	C6
168183at7041	C6
168229at7041	C6
168504at7041	C6
168527at7041	C6
168614at7041	C6
168672at7041	C6
168676at7041	C6
168816at7041	C6
168844at7041	C6
168867at7041	C6
168978at7041	C6
169168at7041	C6
169184at7041	C6
169263at7041	C6
169317at7041	C6
169351at7041	C6
169488at7041	C6
169569at7041	C6
169639at7041	C6
169644at7041	C6
169679at7041	C6
169818at7041	C6
169860at7041	C6
170116at7041	C6
17024at7041	C6
170290at7041	C6
170366at7041	C6
170380at7041	C6
170391at7041	C6
170536at7041	C6
170543at7041	C6
170647at7041	C6
170676at7041	C6
170830at7041	C6
17377at7041	C6
17919at7041	C6
18511at7041	C6
19206at7041	C6
1983at7041	C6
19930at7041	C6
20072at7041	C6
20916at7041	C6
21228at7041	C6
2233at7041	C6
22376at7041	C6
2260at7041	C6
2281at7041	C6
23299at7041	C6
24546at7041	C6
24661at7041	C6
25072at7041	C6
26733at7041	C6
26889at7041	C6
27407at7041	C6
28370at7041	C6
28611at7041	C6
28759at7041	C6
29248at7041	C6
29429at7041	C6
30222at7041	C6
30240at7041	C6
30653at7041	C6
30805at7041	C6
30936at7041	C6
31894at7041	C6
32248at7041	C6
32537at7041	C6
32751at7041	C6
32844at7041	C6
32876at7041	C6
33516at7041	C6
33882at7041	C6
34802at7041	C6
35004at7041	C6
35163at7041	C6
35639at7041	C6
36413at7041	C6
36663at7041	C6
36896at7041	C6
37907at7041	C6
38616at7041	C6
39082at7041	C6
39116at7041	C6
39130at7041	C6
41341at7041	C6
41605at7041	C6
42446at7041	C6
45468at7041	C6
46159at7041	C6
46175at7041	C6
47084at7041	C6
47210at7041	C6
47251at7041	C6
47316at7041	C6
47815at7041	C6
4803at7041	C6
48271at7041	C6
48868at7041	C6
48992at7041	C6
49030at7041	C6
49143at7041	C6
49605at7041	C6
50052at7041	C6
5026at7041	C6
50614at7041	C6
50844at7041	C6
51302at7041	C6
51478at7041	C6
51731at7041	C6
52408at7041	C6
52669at7041	C6
53172at7041	C6
53196at7041	C6
53381at7041	C6
53676at7041	C6
53920at7041	C6
54871at7041	C6
55916at7041	C6
56888at7041	C6
57053at7041	C6
57428at7041	C6
58001at7041	C6
5897at7041	C6
59175at7041	C6
59956at7041	C6
60633at7041	C6
61660at7041	C6
62414at7041	C6
62724at7041	C6
63065at7041	C6
63798at7041	C6
64000at7041	C6
64109at7041	C6
65003at7041	C6
66570at7041	C6
66709at7041	C6
66820at7041	C6
67129at7041	C6
67137at7041	C6
67187at7041	C6
68426at7041	C6
68623at7041	C6
68970at7041	C6
69143at7041	C6
69401at7041	C6
69647at7041	C6
69674at7041	C6
70366at7041	C6
70648at7041	C6
70968at7041	C6
71160at7041	C6
71414at7041	C6
71518at7041	C6
71555at7041	C6
72183at7041	C6
72318at7041	C6
73609at7041	C6
73781at7041	C6
74392at7041	C6
75165at7041	C6
75423at7041	C6
75754at7041	C6
76041at7041	C6
76130at7041	C6
76143at7041	C6
76705at7041	C6
7698at7041	C6
77355at7041	C6
77510at7041	C6
77787at7041	C6
78463at7041	C6
7866at7041	C6
79785at7041	C6
79961at7041	C6
80821at7041	C6
81322at7041	C6
81948at7041	C6
82054at7041	C6
82957at7041	C6
83194at7041	C6
83671at7041	C6
83680at7041	C6
83693at7041	C6
83776at7041	C6
8445at7041	C6
84753at7041	C6
84932at7041	C6
84939at7041	C6
85134at7041	C6
8514at7041	C6
85814at7041	C6
86119at7041	C6
86658at7041	C6
8676at7041	C6
88900at7041	C6
89686at7041	C6
90773at7041	C6
90924at7041	C6
91003at7041	C6
91119at7041	C6
91895at7041	C6
92632at7041	C6
92884at7041	C6
94438at7041	C6
94481at7041	C6
95149at7041	C6
9549at7041	C6
96351at7041	C6
97268at7041	C6
97990at7041	C6
98385at7041	C6
99309at7041	C6
99450at7041	C6
100009at7041	C7
101361at7041	C7
101570at7041	C7
104265at7041	C7
104543at7041	C7
105189at7041	C7
105452at7041	C7
108457at7041	C7
109450at7041	C7
109569at7041	C7
111099at7041	C7
114788at7041	C7
117371at7041	C7
117426at7041	C7
11822at7041	C7
11882at7041	C7
119223at7041	C7
11954at7041	C7
119690at7041	C7
119941at7041	C7
120016at7041	C7
120833at7041	C7
12144at7041	C7
121476at7041	C7
121645at7041	C7
122857at7041	C7
123332at7041	C7
123488at7041	C7
123788at7041	C7
124357at7041	C7
127523at7041	C7
13483at7041	C7
13715at7041	C7
14349at7041	C7
14843at7041	C7
15522at7041	C7
15926at7041	C7
1605at7041	C7
163451at7041	C7
163521at7041	C7
163546at7041	C7
163561at7041	C7
163583at7041	C7
163661at7041	C7
163724at7041	C7
163870at7041	C7
163905at7041	C7
163951at7041	C7
164186at7041	C7
164288at7041	C7
164313at7041	C7
164346at7041	C7
164519at7041	C7
164525at7041	C7
164552at7041	C7
164590at7041	C7
164730at7041	C7
164848at7041	C7
164854at7041	C7
165015at7041	C7
165095at7041	C7
165243at7041	C7
165261at7041	C7
165477at7041	C7
165609at7041	C7
165711at7041	C7
165733at7041	C7
165776at7041	C7
165778at7041	C7
165965at7041	C7
166044at7041	C7
166168at7041	C7
166194at7041	C7
166198at7041	C7
166247at7041	C7
166271at7041	C7
166272at7041	C7
166300at7041	C7
166968at7041	C7
167002at7041	C7
167048at7041	C7
167057at7041	C7
167130at7041	C7
167438at7041	C7
167456at7041	C7
167591at7041	C7
167598at7041	C7
167691at7041	C7
168275at7041	C7
168298at7041	C7
168331at7041	C7
168375at7041	C7
168632at7041	C7
168688at7041	C7
168746at7041	C7
168776at7041	C7
168801at7041	C7
168838at7041	C7
169025at7041	C7
169095at7041	C7
169212at7041	C7
169312at7041	C7
169495at7041	C7
169651at7041	C7
169677at7041	C7
169716at7041	C7
169725at7041	C7
169776at7041	C7
169813at7041	C7
169936at7041	C7
170191at7041	C7
170338at7041	C7
170368at7041	C7
170427at7041	C7
170444at7041	C7
170466at7041	C7
170824at7041	C7
170838at7041	C7
171131at7041	C7
18633at7041	C7
18652at7041	C7
19382at7041	C7
20748at7041	C7
22123at7041	C7
23717at7041	C7
24551at7041	C7
24761at7041	C7
25283at7041	C7
25396at7041	C7
27311at7041	C7
29244at7041	C7
29941at7041	C7
30096at7041	C7
30445at7041	C7
30779at7041	C7
31110at7041	C7
31497at7041	C7
32197at7041	C7
32218at7041	C7
32513at7041	C7
34155at7041	C7
34450at7041	C7
34831at7041	C7
35200at7041	C7
35843at7041	C7
36809at7041	C7
37666at7041	C7
37756at7041	C7
37869at7041	C7
40638at7041	C7
42350at7041	C7
425at7041	C7
42608at7041	C7
447at7041	C7
4511at7041	C7
46077at7041	C7
46294at7041	C7
46425at7041	C7
46657at7041	C7
47542at7041	C7
48226at7041	C7
48263at7041	C7
48637at7041	C7
48918at7041	C7
48at7041	C7
49181at7041	C7
49236at7041	C7
49330at7041	C7
49628at7041	C7
49753at7041	C7
50041at7041	C7
50237at7041	C7
50992at7041	C7
51186at7041	C7
51646at7041	C7
52614at7041	C7
53308at7041	C7
54012at7041	C7
54135at7041	C7
55434at7041	C7
56454at7041	C7
57244at7041	C7
5860at7041	C7
59696at7041	C7
6110at7041	C7
61327at7041	C7
61817at7041	C7
62128at7041	C7
63239at7041	C7
63764at7041	C7
64120at7041	C7
64415at7041	C7
64925at7041	C7
6516at7041	C7
6674at7041	C7
66856at7041	C7
67298at7041	C7
67668at7041	C7
68146at7041	C7
6913at7041	C7
69672at7041	C7
69711at7041	C7
69820at7041	C7
70060at7041	C7
70068at7041	C7
70566at7041	C7
72130at7041	C7
72709at7041	C7
73659at7041	C7
75014at7041	C7
75550at7041	C7
76177at7041	C7
76568at7041	C7
76602at7041	C7
78356at7041	C7
78665at7041	C7
7976at7041	C7
80745at7041	C7
80757at7041	C7
81311at7041	C7
81824at7041	C7
82297at7041	C7
83264at7041	C7
84698at7041	C7
85097at7041	C7
85602at7041	C7
86219at7041	C7
86307at7041	C7
87384at7041	C7
8776at7041	C7
89369at7041	C7
89616at7041	C7
898at7041	C7
90290at7041	C7
90732at7041	C7
90748at7041	C7
91451at7041	C7
91697at7041	C7
92911at7041	C7
93028at7041	C7
93181at7041	C7
93372at7041	C7
93655at7041	C7
94386at7041	C7
95883at7041	C7
97288at7041	C7
97882at7041	C7
99364at7041	C7
9981at7041	C7
10053at7041	CX
103293at7041	CX
103749at7041	CX
10380at7041	CX
104684at7041	CX
105229at7041	CX
105749at7041	CX
105766at7041	CX
106710at7041	CX
107087at7041	CX
107601at7041	CX
109245at7041	CX
110962at7041	CX
11275at7041	CX
113077at7041	CX
116354at7041	CX
116637at7041	CX
117851at7041	CX
118360at7041	CX
118461at7041	CX
119361at7041	CX
119391at7041	CX
121006at7041	CX
121301at7041	CX
12177at7041	CX
121879at7041	CX
122275at7041	CX
122760at7041	CX
12418at7041	CX
125486at7041	CX
128789at7041	CX
131550at7041	CX
132167at7041	CX
132551at7041	CX
13626at7041	CX
16074at7041	CX
163468at7041	CX
163666at7041	CX
164049at7041	CX
164102at7041	CX
164119at7041	CX
164335at7041	CX
164350at7041	CX
164391at7041	CX
164478at7041	CX
164514at7041	CX
164638at7041	CX
164642at7041	CX
164762at7041	CX
164789at7041	CX
164886at7041	CX
164935at7041	CX
164956at7041	CX
165323at7041	CX
165337at7041	CX
165402at7041	CX
165455at7041	CX
165569at7041	CX
165627at7041	CX
165749at7041	CX
165883at7041	CX
165955at7041	CX
166123at7041	CX
166448at7041	CX
166513at7041	CX
166622at7041	CX
166947at7041	CX
166978at7041	CX
166993at7041	CX
166996at7041	CX
167054at7041	CX
167070at7041	CX
167205at7041	CX
167302at7041	CX
167336at7041	CX
167645at7041	CX
167786at7041	CX
167843at7041	CX
167915at7041	CX
167960at7041	CX
167968at7041	CX
167997at7041	CX
168131at7041	CX
168253at7041	CX
168292at7041	CX
168628at7041	CX
168738at7041	CX
168797at7041	CX
168814at7041	CX
168893at7041	CX
168932at7041	CX
169013at7041	CX
169176at7041	CX
169198at7041	CX
169423at7041	CX
169482at7041	CX
169547at7041	CX
169698at7041	CX
170104at7041	CX
170274at7041	CX
170582at7041	CX
170609at7041	CX
170733at7041	CX
170854at7041	CX
170909at7041	CX
171023at7041	CX
17780at7041	CX
17963at7041	CX
18108at7041	CX
18467at7041	CX
18937at7041	CX
19644at7041	CX
20981at7041	CX
21511at7041	CX
21523at7041	CX
22938at7041	CX
22961at7041	CX
23138at7041	CX
23577at7041	CX
24532at7041	CX
25548at7041	CX
26702at7041	CX
2710at7041	CX
28180at7041	CX
30017at7041	CX
31790at7041	CX
32107at7041	CX
32136at7041	CX
33120at7041	CX
33618at7041	CX
3396at7041	CX
34387at7041	CX
3540at7041	CX
36283at7041	CX
37053at7041	CX
37549at7041	CX
38169at7041	CX
38820at7041	CX
39282at7041	CX
39614at7041	CX
39995at7041	CX
40020at7041	CX
40456at7041	CX
43748at7041	CX
46156at7041	CX
4628at7041	CX
46720at7041	CX
47324at7041	CX
47454at7041	CX
48156at7041	CX
48795at7041	CX
495at7041	CX
49834at7041	CX
49931at7041	CX
50848at7041	CX
51213at7041	CX
51443at7041	CX
54490at7041	CX
54853at7041	CX
54936at7041	CX
55256at7041	CX
55581at7041	CX
5560at7041	CX
56265at7041	CX
58530at7041	CX
59293at7041	CX
59406at7041	CX
61458at7041	CX
61760at7041	CX
62454at7041	CX
63423at7041	CX
63537at7041	CX
64269at7041	CX
64816at7041	CX
66712at7041	CX
67257at7041	CX
67835at7041	CX
68195at7041	CX
69498at7041	CX
69749at7041	CX
70723at7041	CX
70811at7041	CX
70927at7041	CX
71018at7041	CX
71090at7041	CX
72741at7041	CX
73007at7041	CX
74765at7041	CX
75173at7041	CX
75689at7041	CX
76550at7041	CX
77196at7041	CX
77512at7041	CX
77593at7041	CX
78271at7041	CX
7844at7041	CX
80148at7041	CX
82453at7041	CX
82989at7041	CX
83565at7041	CX
84279at7041	CX
84627at7041	CX
84984at7041	CX
85026at7041	CX
86418at7041	CX
88701at7041	CX
8997at7041	CX
92148at7041	CX
92177at7041	CX
92377at7041	CX
93077at7041	CX
94744at7041	CX
95418at7041	CX
95917at7041	CX
96678at7041	CX
98020at7041	CX
98815at7041	CX
99058at7041	CX
99238at7041	CX
99560at7041	CX
101435at7041	unassigned
101502at7041	unassigned
103153at7041	unassigned
103208at7041	unassigned
104267at7041	unassigned
104363at7041	unassigned
104552at7041	unassigned
105574at7041	unassigned
10588at7041	unassigned
108601at7041	unassigned
109001at7041	unassigned
111038at7041	unassigned
111043at7041	unassigned
112424at7041	unassigned
113232at7041	unassigned
117201at7041	unassigned
123865at7041	unassigned
124044at7041	unassigned
124195at7041	unassigned
128931at7041	unassigned
130701at7041	unassigned
132418at7041	unassigned
136400at7041	unassigned
14005at7041	unassigned
163663at7041	unassigned
163739at7041	unassigned
163931at7041	unassigned
164063at7041	unassigned
164355at7041	unassigned
164429at7041	unassigned
164492at7041	unassigned
164733at7041	unassigned
164873at7041	unassigned
165834at7041	unassigned
165847at7041	unassigned
165864at7041	unassigned
165887at7041	unassigned
166156at7041	unassigned
166534at7041	unassigned
167707at7041	unassigned
168358at7041	unassigned
168389at7041	unassigned
168433at7041	unassigned
168507at7041	unassigned
168692at7041	unassigned
168693at7041	unassigned
168889at7041	unassigned
168935at7041	unassigned
169083at7041	unassigned
169244at7041	unassigned
169293at7041	unassigned
169398at7041	unassigned
169441at7041	unassigned
169726at7041	unassigned
169876at7041	unassigned
169905at7041	unassigned
170218at7041	unassigned
170608at7041	unassigned
170686at7041	unassigned
171067at7041	unassigned
17191at7041	unassigned
18029at7041	unassigned
2034at7041	unassigned
20746at7041	unassigned
22353at7041	unassigned
24680at7041	unassigned
25431at7041	unassigned
28619at7041	unassigned
29384at7041	unassigned
2962at7041	unassigned
29919at7041	unassigned
30505at7041	unassigned
30603at7041	unassigned
32119at7041	unassigned
36206at7041	unassigned
3723at7041	unassigned
37577at7041	unassigned
38472at7041	unassigned
38575at7041	unassigned
39723at7041	unassigned
40853at7041	unassigned
41475at7041	unassigned
42918at7041	unassigned
43606at7041	unassigned
45297at7041	unassigned
47071at7041	unassigned
50867at7041	unassigned
55552at7041	unassigned
55561at7041	unassigned
5704at7041	unassigned
60328at7041	unassigned
60855at7041	unassigned
64905at7041	unassigned
65038at7041	unassigned
66003at7041	unassigned
68160at7041	unassigned
68393at7041	unassigned
69413at7041	unassigned
70169at7041	unassigned
71553at7041	unassigned
7294at7041	unassigned
74475at7041	unassigned
74506at7041	unassigned
75427at7041	unassigned
77018at7041	unassigned
78442at7041	unassigned
79977at7041	unassigned
80030at7041	unassigned
80364at7041	unassigned
81198at7041	unassigned
84675at7041	unassigned
85552at7041	unassigned
85843at7041	unassigned
8632at7041	unassigned
9010at7041	unassigned
90776at7041	unassigned
92398at7041	unassigned
92496at7041	unassigned
94489at7041	unassigned
97357at7041	unassigned
9739at7041	unassigned
98771at7041	unassigned
98835at7041	unassigned
99265at7041	unassigned
99641at7041	unassigned
99671at7041	unassigned
