334735at7147	D1
73077at7147	d1
18072at7147	d1
252793at7147	d1
338944at7147	d1
305652at7147	d1
292349at7147	d1
242116at7147	d1
71118at7147	d1
68717at7147	d1
166761at7147	d1
75679at7147	d1
67359at7147	d1
257716at7147	d1
71572at7147	d1
37245at7147	d1
182096at7147	d1
75810at7147	d1
177533at7147	d1
74687at7147	d1
301586at7147	d1
71780at7147	d1
147576at7147	d1
240445at7147	d1
141501at7147	d1
59885at7147	d1
66590at7147	d1
143663at7147	d1
250017at7147	d1
18059at7147	d1
276635at7147	d1
63515at7147	d1
69554at7147	d1
181073at7147	d1
74464at7147	d1
214308at7147	d1
40882at7147	d1
72241at7147	d1
180334at7147	d1
355935at7147	d1
307283at7147	d1
281190at7147	d1
311243at7147	d1
65990at7147	d1
2904at7147	d1
279956at7147	d1
169217at7147	d1
235656at7147	d1
62055at7147	d1
60554at7147	d1
151105at7147	d1
214968at7147	d1
283995at7147	d1
179778at7147	d1
58118at7147	d1
203695at7147	d1
71696at7147	d1
13052at7147	d1
72228at7147	d1
321152at7147	d1
329352at7147	d1
75288at7147	d1
335848at7147	d1
215117at7147	d1
253719at7147	d1
183135at7147	d1
196109at7147	d1
37774at7147	d1
65894at7147	d1
63216at7147	d1
33297at7147	d1
264069at7147	d1
107173at7147	d1
17402at7147	d1
37172at7147	d1
246004at7147	d1
65476at7147	d1
61444at7147	d1
345771at7147	d1
243289at7147	d1
61874at7147	d1
349133at7147	d1
64379at7147	d1
233263at7147	d1
268789at7147	d1
165004at7147	d1
187585at7147	d1
70347at7147	d1
37084at7147	d1
100497at7147	d1
346119at7147	d1
277684at7147	d1
225425at7147	d1
278990at7147	d1
180813at7147	d1
236052at7147	d1
267590at7147	d1
285918at7147	d1
192144at7147	d1
58209at7147	d1
167970at7147	d1
2908at7147	d1
212046at7147	d1
224801at7147	d1
58968at7147	d1
343796at7147	d1
197958at7147	d1
340578at7147	d1
260031at7147	d1
355590at7147	d1
57304at7147	d1
219089at7147	d1
222038at7147	d1
339407at7147	d1
221772at7147	d1
254077at7147	d1
285173at7147	d1
281134at7147	d1
71402at7147	d1
265827at7147	d1
63723at7147	d1
322306at7147	d1
210193at7147	d1
262788at7147	d1
306096at7147	d1
307172at7147	d1
292746at7147	d1
317464at7147	d1
178822at7147	d1
241783at7147	d1
75137at7147	d1
171548at7147	d1
6256at7147	d1
126196at7147	d1
75673at7147	d1
70937at7147	d1
33932at7147	d1
75263at7147	d1
143890at7147	d1
291313at7147	d1
66722at7147	d1
75166at7147	d1
163251at7147	d1
264989at7147	d1
66744at7147	d1
74476at7147	d1
60759at7147	d1
176436at7147	d1
2306at7147	d1
346045at7147	d1
4095at7147	d1
301812at7147	d1
10821at7147	d1
1123at7147	d1
65184at7147	d1
235410at7147	d1
9921at7147	d1
247149at7147	d1
68270at7147	d1
184229at7147	d1
310734at7147	d1
76014at7147	d1
164929at7147	d1
70188at7147	d1
240343at7147	d1
167892at7147	d1
317831at7147	d1
76970at7147	d1
338061at7147	d1
187864at7147	d1
331213at7147	d1
29361at7147	d1
74708at7147	d1
337722at7147	d1
296856at7147	d1
247122at7147	d1
270804at7147	d1
57453at7147	d1
69384at7147	d1
27970at7147	d1
250348at7147	d1
310143at7147	d1
44463at7147	d1
21581at7147	d1
64129at7147	d1
167826at7147	d1
69166at7147	d1
49793at7147	d1
236334at7147	d1
20583at7147	d1
280454at7147	d1
60158at7147	d1
328966at7147	d1
69502at7147	d1
283259at7147	d1
65008at7147	d1
34900at7147	d1
57561at7147	d1
251467at7147	d1
56458at7147	d1
60086at7147	d1
291500at7147	d1
62123at7147	d1
340811at7147	d1
76399at7147	d1
217739at7147	d1
269320at7147	d1
206281at7147	d1
218216at7147	d1
230721at7147	d1
238345at7147	d1
59971at7147	d1
60394at7147	d1
249262at7147	d1
62191at7147	d1
219709at7147	d1
209924at7147	d1
61379at7147	d1
265148at7147	d1
63462at7147	d1
193386at7147	d1
249582at7147	d1
312587at7147	d1
175731at7147	d1
57855at7147	d1
248755at7147	d1
318596at7147	d1
57452at7147	d1
70107at7147	d1
60416at7147	d1
251252at7147	d1
209312at7147	d1
72437at7147	d1
240602at7147	d1
271895at7147	d1
57264at7147	d1
56533at7147	d1
125860at7147	d1
49577at7147	d1
177735at7147	d1
61663at7147	d1
17796at7147	d1
61788at7147	d1
166496at7147	d1
66992at7147	d1
64717at7147	d1
243843at7147	d1
313187at7147	d1
224130at7147	d1
75286at7147	d1
75302at7147	d1
64043at7147	d1
331320at7147	d1
258940at7147	d1
245428at7147	d1
294678at7147	d1
55348at7147	d1
224781at7147	d1
267265at7147	d1
143579at7147	d1
163621at7147	d1
69191at7147	d1
7326at7147	d1
203444at7147	d1
264845at7147	d1
221120at7147	d1
177507at7147	d1
271219at7147	d1
243122at7147	d1
238331at7147	d1
73781at7147	d1
29583at7147	d1
42951at7147	d1
28615at7147	d1
66719at7147	d1
316862at7147	d1
54600at7147	d1
24444at7147	d1
61054at7147	d1
251908at7147	d1
72059at7147	d1
294625at7147	d1
20674at7147	d1
58385at7147	d1
244394at7147	d1
301738at7147	d1
167257at7147	d1
325652at7147	d1
269538at7147	d1
167382at7147	d1
199473at7147	d1
207078at7147	d1
266202at7147	d1
252968at7147	d1
319751at7147	d1
215856at7147	d1
301911at7147	d1
65550at7147	d1
452at7147	d1
60375at7147	d1
11292at7147	d1
290444at7147	d1
290691at7147	d1
313720at7147	d1
350084at7147	d1
213540at7147	d1
312646at7147	d1
207122at7147	d1
163466at7147	d1
221865at7147	d1
67909at7147	d1
288954at7147	d1
57255at7147	d1
41576at7147	d1
321070at7147	d1
69769at7147	d1
205575at7147	d1
229985at7147	d1
234740at7147	d1
540at7147	d1
72083at7147	d1
276040at7147	d1
162166at7147	d1
249592at7147	d1
312089at7147	d1
262736at7147	d1
66525at7147	d1
348620at7147	d1
67224at7147	d1
35156at7147	d1
294184at7147	d1
63583at7147	d1
73088at7147	d1
257724at7147	d1
243513at7147	d1
76203at7147	d1
247416at7147	d1
76547at7147	d1
71479at7147	d1
215847at7147	d1
168098at7147	d1
54805at7147	d1
240448at7147	d1
300243at7147	d1
74406at7147	d1
34764at7147	d1
65657at7147	d1
286673at7147	d1
4470at7147	d1
251776at7147	d1
66810at7147	d1
70013at7147	d1
29601at7147	d1
3788at7147	d1
76836at7147	d1
182092at7147	d1
253148at7147	d1
269141at7147	d1
66787at7147	d1
166887at7147	d1
203937at7147	d1
68228at7147	d1
67523at7147	d1
313017at7147	d1
167199at7147	d1
162532at7147	d1
162607at7147	d1
61922at7147	d1
28937at7147	d1
240412at7147	d1
302362at7147	d1
196881at7147	d1
61968at7147	d1
189871at7147	d1
332963at7147	d1
302560at7147	d1
316900at7147	d1
327274at7147	d1
66557at7147	d1
45696at7147	d1
23365at7147	d1
34985at7147	d1
67133at7147	d1
257513at7147	d1
26382at7147	d1
167857at7147	d1
65866at7147	d1
17982at7147	d1
114519at7147	d1
64192at7147	d1
315468at7147	d1
284347at7147	d1
222421at7147	d1
251255at7147	d1
292726at7147	d1
65956at7147	d1
267242at7147	d1
37882at7147	d1
36740at7147	d1
73491at7147	d1
297732at7147	d1
66795at7147	d1
33085at7147	d1
212769at7147	d1
271359at7147	d1
240798at7147	d1
75919at7147	d1
280885at7147	d1
9938at7147	d1
183493at7147	d1
11888at7147	d1
101651at7147	d1
269533at7147	d1
297739at7147	d1
72723at7147	d1
68421at7147	d1
66707at7147	d1
71583at7147	d1
13207at7147	d1
275895at7147	d1
321465at7147	d1
38461at7147	d1
37496at7147	d1
308534at7147	d1
279591at7147	d1
299971at7147	d1
24690at7147	d1
4829at7147	d1
66704at7147	d1
66139at7147	d1
241656at7147	d1
280062at7147	d1
75011at7147	d1
69582at7147	d1
55471at7147	d1
227886at7147	d1
70861at7147	d1
55124at7147	d1
190806at7147	d1
172608at7147	d1
71503at7147	d1
54856at7147	d1
250930at7147	d1
164211at7147	d1
65934at7147	d1
54790at7147	d1
174920at7147	d1
61498at7147	d1
2635at7147	d1
172545at7147	d1
314202at7147	d1
173922at7147	d1
69951at7147	d1
66177at7147	d1
295694at7147	d1
73913at7147	d1
225812at7147	d1
272414at7147	d1
73893at7147	d1
142376at7147	d1
1914at7147	d1
19746at7147	d1
66948at7147	d1
60819at7147	d1
27268at7147	d1
249654at7147	d1
66761at7147	d1
274432at7147	d1
329721at7147	d1
167499at7147	d1
315365at7147	d1
166165at7147	d1
39681at7147	d1
166974at7147	d1
66610at7147	d1
45853at7147	d1
225861at7147	d1
204218at7147	d1
230420at7147	d1
2881at7147	d1
24411at7147	d1
206995at7147	d1
227440at7147	d1
317550at7147	d1
36899at7147	d1
7798at7147	d1
260978at7147	d1
252361at7147	d1
178536at7147	d1
343418at7147	d1
75282at7147	d1
220877at7147	d1
45643at7147	d1
1984at7147	d1
66352at7147	d1
342494at7147	d1
302118at7147	d1
168044at7147	d1
163134at7147	d1
255198at7147	d1
44237at7147	d1
55986at7147	d1
252544at7147	d1
165751at7147	d1
254729at7147	d1
260437at7147	d1
241233at7147	d1
288308at7147	d1
55645at7147	d1
32273at7147	d1
61699at7147	d1
61391at7147	d1
223792at7147	d1
46907at7147	d1
113155at7147	d1
235988at7147	d1
21468at7147	d1
62147at7147	d1
69184at7147	d1
72463at7147	d1
267483at7147	d1
197948at7147	d1
175870at7147	d1
67559at7147	d1
325730at7147	d1
242564at7147	d1
299690at7147	d1
57004at7147	d1
72244at7147	d1
204566at7147	d1
173527at7147	d1
54880at7147	d1
163408at7147	d1
74055at7147	d1
276321at7147	d1
328374at7147	d1
265490at7147	d1
154325at7147	d1
75710at7147	d1
47598at7147	d1
72465at7147	d1
348693at7147	d1
61375at7147	d1
339797at7147	d1
72527at7147	d1
72423at7147	d1
203733at7147	d1
54941at7147	d1
209963at7147	d1
194212at7147	d1
343958at7147	d1
63677at7147	d1
325959at7147	d1
250167at7147	d1
65478at7147	d1
152075at7147	d1
299296at7147	d1
306523at7147	d1
55690at7147	d1
176414at7147	d1
241109at7147	d1
271333at7147	d1
280039at7147	d1
59290at7147	d1
234666at7147	d1
229091at7147	d1
262641at7147	d1
32472at7147	d1
184445at7147	d1
177018at7147	d1
71229at7147	d1
57083at7147	d1
163275at7147	d1
161838at7147	d1
77075at7147	d1
264861at7147	d1
63274at7147	d1
215452at7147	d1
167517at7147	d1
307135at7147	d1
44945at7147	d1
50487at7147	d1
15336at7147	d1
293157at7147	d1
74259at7147	d1
234677at7147	d1
211833at7147	d1
152457at7147	d1
172179at7147	d1
303019at7147	d1
26206at7147	d1
220544at7147	d1
229817at7147	d1
163566at7147	d1
55135at7147	d1
165929at7147	d1
20189at7147	d1
255800at7147	d1
340913at7147	d1
56673at7147	d1
63890at7147	d1
184965at7147	d1
202522at7147	d1
182746at7147	d1
69560at7147	d1
257034at7147	d1
328868at7147	d1
177818at7147	d1
157102at7147	d1
63370at7147	d1
73409at7147	d1
154893at7147	d1
35501at7147	d1
205813at7147	d1
71992at7147	d1
182448at7147	d1
67366at7147	d1
181624at7147	d1
243722at7147	d1
56536at7147	d1
317570at7147	d1
73200at7147	d1
56218at7147	d1
202222at7147	d1
271012at7147	d1
73681at7147	d1
65157at7147	d1
68886at7147	d1
68238at7147	d1
204245at7147	d1
235602at7147	d1
178266at7147	d1
262164at7147	d1
166996at7147	d1
73713at7147	d1
220551at7147	d1
260788at7147	d1
183298at7147	d1
310552at7147	d1
205708at7147	d1
68422at7147	d1
72688at7147	d1
65571at7147	d1
60242at7147	d1
165770at7147	d1
306015at7147	d1
201478at7147	d1
175325at7147	d1
67705at7147	d1
270382at7147	d1
169203at7147	d1
203903at7147	d1
309380at7147	d1
315858at7147	d1
139373at7147	d1
282449at7147	d1
76767at7147	d1
241416at7147	d1
68596at7147	d1
60815at7147	d1
278577at7147	d1
67287at7147	d1
254294at7147	d1
331204at7147	d1
25769at7147	d1
96920at7147	d1
168291at7147	d1
61562at7147	d1
18923at7147	d1
164941at7147	d1
329987at7147	d1
231185at7147	d1
58647at7147	d1
73360at7147	d1
243117at7147	d1
61808at7147	d1
62969at7147	d1
197548at7147	d1
286690at7147	d1
168384at7147	d1
246425at7147	d1
62682at7147	d1
10589at7147	d1
227814at7147	d1
270657at7147	d1
229132at7147	d1
230100at7147	d1
227465at7147	d1
62350at7147	d1
284136at7147	d1
64947at7147	d1
229432at7147	d1
55494at7147	d1
101192at7147	d1
39784at7147	d1
66632at7147	d1
54771at7147	d1
66740at7147	d1
60771at7147	d1
269897at7147	d1
55771at7147	d1
67239at7147	d1
331960at7147	d1
76164at7147	d1
274415at7147	d1
64216at7147	d1
328594at7147	d1
77025at7147	d1
255232at7147	d1
287408at7147	d1
66998at7147	d1
215518at7147	d1
221229at7147	d1
185268at7147	d1
230190at7147	d1
237923at7147	d1
297825at7147	d1
286884at7147	d1
75697at7147	d1
49217at7147	d1
12283at7147	d1
252301at7147	d1
201937at7147	d1
145710at7147	d1
276150at7147	d1
58372at7147	d1
60650at7147	d1
187777at7147	d1
167011at7147	d1
63704at7147	d1
62423at7147	d1
239932at7147	d1
172610at7147	d1
35706at7147	d1
63836at7147	d1
330235at7147	d1
56046at7147	d1
63321at7147	d1
168749at7147	d1
54905at7147	d1
285439at7147	d1
71081at7147	d1
67785at7147	d1
63658at7147	d1
180476at7147	d1
56488at7147	d1
57531at7147	d1
67112at7147	d1
72226at7147	d1
168086at7147	d1
265145at7147	d1
186856at7147	d1
318996at7147	d1
281385at7147	d1
260456at7147	d1
245844at7147	d1
265189at7147	d1
202954at7147	d1
166700at7147	d1
57097at7147	d1
10709at7147	d1
310315at7147	d1
284372at7147	d1
330435at7147	d1
74677at7147	d1
338004at7147	d1
331518at7147	d1
71640at7147	d1
70996at7147	d1
211486at7147	d1
165376at7147	d1
55349at7147	d1
210564at7147	d1
26486at7147	d1
240204at7147	d1
184186at7147	d1
178219at7147	d1
275730at7147	d1
192881at7147	d1
62295at7147	d1
305169at7147	d1
60412at7147	d1
257205at7147	d1
60701at7147	d1
330973at7147	d1
76995at7147	d1
293181at7147	d1
254236at7147	d1
232297at7147	d1
4069at7147	d1
56300at7147	d1
69674at7147	d1
70846at7147	d1
172656at7147	d1
77043at7147	d1
72235at7147	d1
277736at7147	d1
168583at7147	d1
285941at7147	d1
264404at7147	d1
164649at7147	d1
180842at7147	d1
98857at7147	d1
206399at7147	d1
276759at7147	d1
111861at7147	d1
50930at7147	d1
315138at7147	d1
235960at7147	d1
57816at7147	d1
69007at7147	d1
69110at7147	d1
73094at7147	d1
331586at7147	d1
263812at7147	d1
258230at7147	d1
73346at7147	d1
48185at7147	d1
36930at7147	d1
218373at7147	d1
289085at7147	d1
209603at7147	d1
316860at7147	d1
279885at7147	d1
64850at7147	d1
19729at7147	d1
3577at7147	d1
75442at7147	d1
22719at7147	d1
206872at7147	d1
328432at7147	d1
165956at7147	d1
60031at7147	d1
247288at7147	d1
213523at7147	d2
60331at7147	d2
309819at7147	d2
241789at7147	d2
58613at7147	d2
258008at7147	d2
280947at7147	d2
54702at7147	d2
62725at7147	d2
190150at7147	d2
105213at7147	d2
38629at7147	d2
318454at7147	d2
204542at7147	d2
47783at7147	d2
42351at7147	d2
198230at7147	d2
74295at7147	d2
62737at7147	d2
297671at7147	d2
70912at7147	d2
253354at7147	d2
69265at7147	d2
66491at7147	d2
242359at7147	d2
249446at7147	d2
70035at7147	d2
62696at7147	d2
323798at7147	d2
214371at7147	d2
217749at7147	d2
73281at7147	d2
57059at7147	d2
26679at7147	d2
319031at7147	d2
20309at7147	d2
204443at7147	d2
61443at7147	d2
19750at7147	d2
58228at7147	d2
277262at7147	d2
57924at7147	d2
58433at7147	d2
249036at7147	d2
237768at7147	d2
251353at7147	d2
143893at7147	d2
281157at7147	d2
60410at7147	d2
197569at7147	d2
57289at7147	d2
122812at7147	d2
214620at7147	d2
297946at7147	d2
48408at7147	d2
292205at7147	d2
60611at7147	d2
295911at7147	d2
309384at7147	d2
121971at7147	d2
6736at7147	d2
55227at7147	d2
55221at7147	d2
14368at7147	d2
340173at7147	d2
236124at7147	d2
303404at7147	d2
237178at7147	d2
299630at7147	d2
57446at7147	d2
242397at7147	d2
290784at7147	d2
304228at7147	d2
231937at7147	d2
203576at7147	d2
197411at7147	d2
150963at7147	d2
71970at7147	d2
330890at7147	d2
331757at7147	d2
70744at7147	d2
68972at7147	d2
62676at7147	d2
334639at7147	d2
273898at7147	d2
259017at7147	d2
61602at7147	d2
73993at7147	d2
105665at7147	d2
15956at7147	d2
288139at7147	d2
71179at7147	d2
254635at7147	d2
187010at7147	d2
67469at7147	d2
66330at7147	d2
261520at7147	d2
219991at7147	d2
70108at7147	d2
279432at7147	d2
331266at7147	d2
32490at7147	d2
257149at7147	d2
175942at7147	d2
281152at7147	d2
6130at7147	d2
176480at7147	d2
256046at7147	d2
87043at7147	d2
293374at7147	d2
260974at7147	d2
239086at7147	d2
69480at7147	d2
65291at7147	d2
322591at7147	d2
994at7147	d2
63928at7147	d2
333331at7147	d2
74832at7147	d2
73512at7147	d2
56611at7147	d2
168077at7147	d2
269444at7147	d2
74200at7147	d2
168990at7147	d2
73909at7147	d2
177041at7147	d2
75999at7147	d2
181020at7147	d2
57127at7147	d2
283834at7147	d2
87700at7147	d2
173828at7147	d2
111315at7147	d2
231059at7147	d2
161437at7147	d2
15468at7147	d2
222906at7147	d2
317194at7147	d2
16822at7147	d2
153799at7147	d2
268929at7147	d2
333462at7147	d2
277982at7147	d2
165107at7147	d2
213638at7147	d2
165293at7147	d2
26452at7147	d2
65808at7147	d2
72039at7147	d2
229026at7147	d2
338571at7147	d2
186042at7147	d2
297775at7147	d2
356064at7147	d2
77242at7147	d2
309142at7147	d2
265585at7147	d2
76361at7147	d2
16873at7147	d2
238006at7147	d2
265202at7147	d2
326071at7147	d2
332841at7147	d2
338219at7147	d2
23190at7147	d2
99488at7147	d2
12652at7147	d2
224146at7147	d2
334042at7147	d2
257854at7147	d2
74620at7147	d2
319234at7147	d2
42320at7147	d2
174772at7147	d2
310363at7147	d2
63229at7147	d2
34735at7147	d2
60133at7147	d2
235193at7147	d2
63923at7147	d2
169351at7147	d2
56033at7147	d2
290525at7147	d2
4353at7147	d2
314998at7147	d2
326721at7147	d2
56466at7147	d2
245279at7147	d2
57939at7147	d2
13883at7147	d2
61817at7147	d2
164312at7147	d2
72972at7147	d2
331818at7147	d2
324790at7147	d2
257907at7147	d2
122970at7147	d2
165211at7147	d2
230093at7147	d2
261416at7147	d2
165182at7147	d2
71839at7147	d2
74100at7147	d2
200486at7147	d2
345440at7147	d2
18006at7147	d2
73317at7147	d2
67233at7147	d2
66108at7147	d2
63235at7147	d2
60628at7147	d2
75970at7147	d2
320147at7147	d2
25034at7147	d2
73663at7147	d2
146390at7147	d2
21773at7147	d2
232153at7147	d2
25037at7147	d2
320425at7147	d2
229842at7147	d2
287072at7147	d2
286254at7147	d2
209237at7147	d2
229153at7147	d2
300251at7147	d2
75907at7147	d2
281298at7147	d2
219748at7147	d2
68803at7147	d2
219976at7147	d2
193949at7147	d2
246352at7147	d2
40450at7147	d2
265927at7147	d2
34569at7147	d2
258674at7147	d2
28627at7147	d2
209356at7147	d2
64272at7147	d2
54589at7147	d2
76554at7147	d2
57494at7147	d2
299672at7147	d2
133744at7147	d2
65654at7147	d2
61543at7147	d2
206125at7147	d2
62130at7147	d2
12492at7147	d2
178910at7147	d2
63652at7147	d2
270784at7147	d2
278779at7147	d2
58110at7147	d2
200534at7147	d2
266047at7147	d2
327836at7147	d2
234994at7147	d2
27507at7147	d2
226864at7147	d2
59095at7147	d2
74840at7147	d2
74390at7147	d2
315861at7147	d2
77199at7147	d2
207348at7147	d2
215874at7147	d2
67442at7147	d2
55870at7147	d2
323400at7147	d2
253768at7147	d2
316175at7147	d2
75386at7147	d2
202479at7147	d2
198148at7147	d2
57737at7147	d2
314920at7147	d2
230735at7147	d2
231038at7147	d2
300375at7147	d2
71581at7147	d2
237199at7147	d2
73869at7147	d2
165554at7147	d2
55562at7147	d2
73847at7147	d2
301697at7147	d2
73704at7147	d2
48504at7147	d2
194345at7147	d2
350442at7147	d2
278025at7147	d2
325919at7147	d2
272339at7147	d2
194811at7147	d2
40476at7147	d2
69759at7147	d2
343818at7147	d2
282303at7147	d2
66326at7147	d2
164767at7147	d2
69011at7147	d2
172362at7147	d2
329105at7147	d2
311066at7147	d2
235326at7147	d2
73771at7147	d2
355156at7147	d2
280052at7147	d2
192411at7147	d2
70523at7147	d2
5711at7147	d2
10443at7147	d2
133899at7147	d2
265104at7147	d2
65766at7147	d2
58041at7147	d2
163957at7147	d2
250728at7147	d2
64707at7147	d2
245415at7147	d2
70418at7147	d2
199997at7147	d2
3410at7147	d2
56580at7147	d2
176314at7147	d2
75038at7147	d2
166881at7147	d2
63074at7147	d2
191072at7147	d2
70886at7147	d2
70258at7147	d2
277386at7147	d2
55446at7147	d2
337796at7147	d2
190309at7147	d2
231889at7147	d2
309944at7147	d2
162907at7147	d2
256359at7147	d2
97395at7147	d2
73632at7147	d2
179198at7147	d2
55520at7147	d2
247614at7147	d2
300528at7147	d2
297283at7147	d2
58897at7147	d2
255500at7147	d2
219217at7147	d2
33600at7147	d2
238303at7147	d2
69149at7147	d2
240652at7147	d2
66209at7147	d2
266611at7147	d2
230928at7147	d2
320658at7147	d2
244473at7147	d2
296394at7147	d2
62107at7147	d2
73625at7147	d2
54994at7147	d2
4211at7147	d2
14054at7147	d2
225239at7147	d2
162010at7147	d2
66523at7147	d2
168081at7147	d2
203671at7147	d2
30121at7147	d2
74942at7147	d2
271478at7147	d2
72252at7147	d2
203057at7147	d2
66929at7147	d2
64516at7147	d2
54933at7147	d2
11516at7147	d2
165654at7147	d2
69590at7147	d2
56026at7147	d2
228058at7147	d2
265407at7147	d2
60935at7147	d2
286165at7147	d2
348910at7147	d2
59378at7147	d2
333985at7147	d2
62213at7147	d2
70430at7147	d2
62417at7147	d2
269959at7147	d2
191981at7147	d2
191479at7147	d2
61116at7147	d2
169175at7147	d2
165152at7147	d2
249041at7147	d2
76920at7147	d2
190060at7147	d2
263976at7147	d2
332050at7147	d2
146574at7147	d2
72700at7147	d2
76416at7147	d2
77182at7147	d2
171662at7147	d2
188824at7147	d2
235351at7147	d2
68865at7147	d2
220289at7147	d2
21190at7147	d2
254384at7147	d2
60563at7147	d2
350615at7147	d2
168465at7147	d2
237217at7147	d2
34193at7147	d2
354891at7147	d2
66030at7147	d2
70553at7147	d2
236125at7147	d2
303297at7147	d2
217586at7147	d2
212066at7147	d2
144236at7147	d2
15597at7147	d2
57040at7147	d2
76904at7147	d2
168424at7147	d2
204348at7147	d2
76347at7147	d2
56521at7147	d2
62751at7147	d2
168829at7147	d2
72282at7147	d2
304636at7147	d2
74673at7147	d2
211944at7147	d2
164044at7147	d2
215373at7147	d2
70645at7147	d2
65003at7147	d2
32370at7147	d2
178820at7147	d2
35404at7147	d2
34946at7147	d2
185176at7147	d2
327612at7147	d2
91715at7147	d2
66607at7147	d2
169165at7147	d2
279464at7147	d2
218193at7147	d2
57990at7147	d2
302762at7147	d2
1078at7147	d2
263209at7147	d2
69972at7147	d2
2041at7147	d2
242811at7147	d2
308713at7147	d2
351734at7147	d2
70045at7147	d2
186069at7147	d2
176618at7147	d2
292709at7147	d2
76044at7147	d2
257387at7147	d2
61844at7147	d2
166172at7147	d2
265429at7147	d2
283667at7147	d2
67520at7147	d2
322611at7147	d2
66640at7147	d2
74268at7147	d2
34395at7147	d2
355884at7147	d2
200668at7147	d2
250929at7147	d2
3828at7147	d2
75308at7147	d2
2304at7147	d2
299208at7147	d2
331691at7147	d2
298052at7147	d2
55277at7147	d2
3874at7147	d2
232952at7147	d3
207901at7147	d3
75936at7147	d3
246807at7147	d3
211758at7147	d3
168836at7147	d3
57426at7147	d3
343220at7147	d3
65138at7147	d3
262476at7147	d3
105345at7147	d3
276045at7147	d3
345076at7147	d3
285678at7147	d3
197375at7147	d3
58584at7147	d3
305895at7147	d3
28266at7147	d3
214054at7147	d3
76737at7147	d3
282748at7147	d3
266130at7147	d3
64351at7147	d3
337991at7147	d3
135492at7147	d3
57347at7147	d3
313130at7147	d3
63142at7147	d3
179947at7147	d3
291269at7147	d3
21818at7147	d3
185245at7147	d3
55702at7147	d3
276098at7147	d3
273378at7147	d3
4164at7147	d3
259106at7147	d3
169297at7147	d3
348892at7147	d3
168968at7147	d3
315296at7147	d3
73571at7147	d3
55886at7147	d3
348842at7147	d3
300625at7147	d3
340706at7147	d3
191962at7147	d3
16470at7147	d3
221947at7147	d3
226878at7147	d3
186300at7147	d3
77031at7147	d3
25471at7147	d3
37358at7147	d3
168607at7147	d3
304230at7147	d3
71183at7147	d3
55608at7147	d3
70276at7147	d3
311793at7147	d3
235715at7147	d3
68930at7147	d3
26790at7147	d3
22255at7147	d3
63670at7147	d3
297115at7147	d3
60947at7147	d3
235545at7147	d3
56167at7147	d3
64480at7147	d3
76959at7147	d3
72427at7147	d3
58382at7147	d3
26907at7147	d3
59214at7147	d3
211619at7147	d3
59021at7147	d3
74082at7147	d3
265601at7147	d3
271137at7147	d3
54985at7147	d3
310451at7147	d3
162238at7147	d3
75790at7147	d3
195477at7147	d3
74302at7147	d3
195218at7147	d3
205542at7147	d3
167066at7147	d3
327727at7147	d3
35945at7147	d3
72159at7147	d3
216919at7147	d3
75206at7147	d3
73202at7147	d3
294341at7147	d3
331780at7147	d3
72386at7147	d3
311472at7147	d3
69398at7147	d3
57152at7147	d3
242460at7147	d3
218652at7147	d3
100019at7147	d3
183899at7147	d3
175402at7147	d3
289959at7147	d3
308232at7147	d3
193698at7147	d3
69070at7147	d3
287488at7147	d3
316714at7147	d3
60708at7147	d3
73247at7147	d3
229391at7147	d3
94660at7147	d3
40846at7147	d3
319697at7147	d3
254340at7147	d3
40535at7147	d3
60719at7147	d3
25925at7147	d3
64050at7147	d3
287631at7147	d3
339753at7147	d3
283691at7147	d3
254081at7147	d3
283431at7147	d3
217863at7147	d3
183624at7147	d3
61879at7147	d3
60826at7147	d3
221712at7147	d3
1072at7147	d3
59991at7147	d3
165800at7147	d3
262133at7147	d3
73561at7147	d3
74916at7147	d3
32054at7147	d3
35281at7147	d3
193652at7147	d3
215814at7147	d3
64696at7147	d3
176512at7147	d3
59540at7147	d3
242124at7147	d3
252099at7147	d3
274581at7147	d3
63014at7147	d3
219621at7147	d3
142673at7147	d3
63673at7147	d3
351859at7147	d3
192253at7147	d3
302131at7147	d3
333974at7147	d3
73599at7147	d3
184401at7147	d3
259296at7147	d3
8456at7147	d3
76362at7147	d3
322321at7147	d3
286257at7147	d3
314745at7147	d3
56271at7147	d3
73318at7147	d3
310764at7147	d3
162892at7147	d3
336225at7147	d3
309709at7147	d3
291969at7147	d3
10456at7147	d3
73648at7147	d3
67347at7147	d3
68004at7147	d3
66514at7147	d3
54967at7147	d3
201178at7147	d3
315452at7147	d3
67866at7147	d3
56279at7147	d3
343684at7147	d3
193108at7147	d3
43302at7147	d3
69478at7147	d3
326706at7147	d3
309394at7147	d3
62912at7147	d3
350842at7147	d3
301031at7147	d3
40528at7147	d3
163419at7147	d3
313877at7147	d3
69198at7147	d3
277566at7147	d3
328774at7147	d3
274127at7147	d3
266121at7147	d3
289134at7147	d3
267189at7147	d3
47737at7147	d3
204476at7147	d3
75860at7147	d3
61941at7147	d3
249524at7147	d3
59036at7147	d3
224474at7147	d3
264221at7147	d3
186358at7147	d3
250603at7147	d3
318442at7147	d3
214315at7147	d3
5263at7147	d3
54637at7147	d3
307255at7147	d3
313486at7147	d3
216747at7147	d3
75868at7147	d3
76807at7147	d3
184147at7147	d3
70941at7147	d3
191269at7147	d3
66927at7147	d3
266814at7147	d3
41881at7147	d3
267736at7147	d3
103449at7147	d3
162997at7147	d3
55080at7147	d3
45130at7147	d3
17984at7147	d3
202862at7147	d3
323057at7147	d3
74373at7147	d3
63030at7147	d3
223623at7147	d3
75895at7147	d3
235467at7147	d3
33296at7147	d3
335718at7147	d3
76625at7147	d3
328340at7147	d3
241788at7147	d3
4573at7147	d3
270255at7147	d3
54788at7147	d3
248569at7147	d3
352780at7147	d3
311417at7147	d3
61710at7147	d3
280902at7147	d3
65376at7147	d3
234367at7147	d3
204035at7147	d3
256756at7147	d3
13808at7147	d3
294036at7147	d3
237167at7147	d3
265829at7147	d3
253357at7147	d3
309228at7147	d3
222175at7147	d3
185835at7147	d3
5213at7147	d3
172172at7147	d3
59603at7147	d3
7677at7147	d3
234306at7147	d3
248932at7147	d3
61509at7147	d3
333748at7147	d3
298096at7147	d3
73758at7147	d3
72959at7147	d3
74618at7147	d3
305005at7147	d3
259201at7147	d3
165522at7147	d3
174922at7147	d3
337170at7147	d3
233751at7147	d3
227847at7147	d3
297610at7147	d3
67949at7147	d3
182157at7147	d3
39793at7147	d3
62860at7147	d3
19684at7147	d3
65537at7147	d3
194578at7147	d3
3413at7147	d3
292807at7147	d3
64413at7147	d3
26759at7147	d3
265468at7147	d3
343082at7147	d3
314575at7147	d3
263809at7147	d3
55241at7147	d3
256493at7147	d3
194890at7147	d3
204426at7147	d3
302001at7147	d3
287742at7147	d3
270465at7147	d3
74763at7147	d3
186970at7147	d3
65380at7147	d3
55587at7147	d3
248256at7147	d3
231675at7147	d3
61750at7147	d3
245191at7147	d3
337144at7147	d3
8037at7147	d3
62066at7147	d3
32137at7147	d3
309613at7147	d3
163805at7147	d3
54844at7147	d3
202970at7147	d3
72911at7147	d3
349505at7147	d3
263176at7147	d3
61842at7147	d3
308630at7147	d3
287656at7147	d3
34256at7147	d3
202441at7147	d3
318425at7147	d3
55475at7147	d3
7355at7147	d3
55110at7147	d3
72148at7147	d3
292686at7147	d3
60091at7147	d3
273986at7147	d3
40670at7147	d3
181802at7147	d3
232030at7147	d3
10522at7147	d3
165541at7147	d3
70115at7147	d3
222425at7147	d3
67025at7147	d3
182257at7147	d3
292516at7147	d3
50224at7147	d3
283159at7147	d3
5845at7147	d3
167580at7147	d3
25399at7147	d3
196269at7147	d3
63585at7147	d3
189734at7147	d3
303810at7147	d3
326977at7147	d3
264987at7147	d3
177120at7147	d3
26270at7147	d3
302345at7147	d3
98712at7147	d3
348238at7147	d3
30071at7147	d3
351540at7147	d3
269826at7147	d3
193757at7147	d3
302405at7147	d3
277209at7147	d3
217999at7147	d3
17444at7147	d3
178759at7147	d3
265341at7147	d3
76798at7147	d3
274654at7147	d3
61398at7147	d3
291945at7147	d3
216811at7147	d3
242106at7147	d3
274495at7147	d3
185722at7147	d3
188746at7147	d3
36172at7147	d3
336049at7147	d3
65151at7147	d3
197070at7147	d3
291867at7147	d3
339983at7147	d3
172210at7147	d3
164175at7147	d3
61890at7147	d3
261017at7147	d3
184640at7147	d3
12219at7147	d3
61497at7147	d3
177913at7147	d3
243777at7147	d3
2969at7147	d3
4073at7147	d3
17265at7147	d3
63672at7147	d3
74338at7147	d3
126448at7147	d3
1200at7147	d3
68649at7147	d3
247544at7147	d3
355389at7147	d3
165235at7147	d3
218877at7147	d3
252557at7147	d3
69219at7147	d3
67901at7147	d3
62557at7147	d3
186650at7147	d3
167068at7147	d3
222932at7147	d3
10612at7147	d3
71034at7147	d3
7563at7147	d3
224266at7147	d3
32033at7147	d3
61053at7147	d3
66757at7147	d3
72055at7147	d3
71109at7147	d3
75400at7147	d3
229769at7147	d3
313192at7147	d3
166809at7147	d3
232996at7147	d3
233185at7147	d3
13055at7147	d3
177608at7147	d3
56185at7147	d3
74410at7147	d3
237248at7147	d3
256107at7147	d3
69073at7147	d3
295558at7147	d3
65523at7147	d3
65801at7147	d3
330258at7147	d3
46504at7147	d3
224916at7147	d3
64411at7147	d3
218974at7147	d3
54547at7147	d3
8at7147	d3
65992at7147	d3
55671at7147	d3
68482at7147	d3
65361at7147	d3
34007at7147	d3
302500at7147	d3
12100at7147	d3
265154at7147	d3
64333at7147	d3
168795at7147	d3
59881at7147	d3
61242at7147	d3
214763at7147	d3
60514at7147	d3
328778at7147	d3
273176at7147	d3
59208at7147	d3
259157at7147	d3
284819at7147	d3
259332at7147	d3
287476at7147	d3
238031at7147	d3
288317at7147	d3
195214at7147	d3
34360at7147	d3
336167at7147	d3
64195at7147	d3
330356at7147	d3
77188at7147	d3
70383at7147	d3
281523at7147	d3
16128at7147	d3
73639at7147	d3
61024at7147	d3
280464at7147	d3
164984at7147	d3
304040at7147	d3
203569at7147	d3
292560at7147	d3
191342at7147	d3
162863at7147	d3
259255at7147	d3
207537at7147	d3
176483at7147	d3
66007at7147	d3
190022at7147	d3
56486at7147	d3
28877at7147	d3
271043at7147	d3
232528at7147	d3
287774at7147	d3
272975at7147	d3
54903at7147	d3
199691at7147	d3
168362at7147	d3
206361at7147	d3
224516at7147	d3
216533at7147	d3
280361at7147	d3
69924at7147	d3
127852at7147	d3
313023at7147	d3
54542at7147	d3
71593at7147	d3
197196at7147	d3
235831at7147	d3
67195at7147	d3
55641at7147	d3
56534at7147	d3
58362at7147	d3
75531at7147	d3
8734at7147	d3
320558at7147	d3
11484at7147	d3
29552at7147	d3
26565at7147	d3
59706at7147	d3
73667at7147	d3
336581at7147	d3
247859at7147	d3
174522at7147	d3
55818at7147	d3
41456at7147	d3
55224at7147	d3
344160at7147	d3
192217at7147	d3
134526at7147	d3
326743at7147	d3
297571at7147	d3
70546at7147	d3
210072at7147	d3
289612at7147	d3
42863at7147	d3
230103at7147	d3
38132at7147	d3
66069at7147	d3
166819at7147	d3
247961at7147	d3
60157at7147	d3
55109at7147	d3
70976at7147	d3
28547at7147	d3
300196at7147	d3
55577at7147	d3
74048at7147	d3
252823at7147	d3
73211at7147	d3
292255at7147	d3
2552at7147	d3
180122at7147	d3
318883at7147	d3
236620at7147	d3
212800at7147	d3
208542at7147	d3
181105at7147	d3
59197at7147	d3
3308at7147	d3
62613at7147	d3
323507at7147	d3
12973at7147	d3
237431at7147	d3
177883at7147	d3
57586at7147	d3
166680at7147	d3
166470at7147	d3
61286at7147	d3
221587at7147	d3
165549at7147	d3
259299at7147	d3
71372at7147	d3
65217at7147	d3
270852at7147	d3
68417at7147	d3
46512at7147	d3
199444at7147	d3
175877at7147	d3
273636at7147	d3
295953at7147	d3
308242at7147	d3
69699at7147	d3
10620at7147	d3
295624at7147	d3
281347at7147	d3
9356at7147	d3
241406at7147	d3
76179at7147	d3
350662at7147	d3
70366at7147	d3
344135at7147	d3
69557at7147	d3
32815at7147	d3
219340at7147	d3
197894at7147	d3
308882at7147	d3
165155at7147	d3
64274at7147	d3
178903at7147	d3
66048at7147	d3
241665at7147	d3
228587at7147	d3
71129at7147	d3
200390at7147	d3
257063at7147	d3
294505at7147	d3
64519at7147	d3
37186at7147	d3
269544at7147	d3
177434at7147	d3
244942at7147	d3
25365at7147	d3
27053at7147	d3
56706at7147	d3
246361at7147	d3
197207at7147	d3
300291at7147	d3
164185at7147	d3
14376at7147	d3
303659at7147	d3
69950at7147	d3
293685at7147	d3
59058at7147	d3
67899at7147	d3
14042at7147	d3
62560at7147	d3
75376at7147	d3
58562at7147	d3
337071at7147	d3
276315at7147	d3
278660at7147	d3
77231at7147	d3
75814at7147	d3
219671at7147	d3
192597at7147	d3
207803at7147	d3
49837at7147	d3
260626at7147	d3
183669at7147	d3
71146at7147	d3
69310at7147	d3
310580at7147	d3
263544at7147	d3
272160at7147	d3
5488at7147	d3
299836at7147	d3
217498at7147	d3
17793at7147	d3
61713at7147	d3
12361at7147	d3
193077at7147	d3
247442at7147	d3
214518at7147	d3
72445at7147	d3
305949at7147	d3
165515at7147	d3
226641at7147	d3
166453at7147	d3
293743at7147	d3
65643at7147	d3
293787at7147	d3
57868at7147	d3
250473at7147	d3
323574at7147	d3
76952at7147	d3
5433at7147	d3
168032at7147	d3
351128at7147	d3
40345at7147	d3
72683at7147	d3
255002at7147	d3
75113at7147	d3
61388at7147	d3
339679at7147	d3
287289at7147	d3
282848at7147	d3
270008at7147	d3
55659at7147	d3
167369at7147	d3
40115at7147	d3
303109at7147	d3
71851at7147	d3
64130at7147	d3
208964at7147	d3
65232at7147	d3
248179at7147	d3
342481at7147	d3
64183at7147	d3
37183at7147	d3
194155at7147	d3
295714at7147	d3
164964at7147	d3
195977at7147	d3
281264at7147	d3
32293at7147	d3
211985at7147	d3
273635at7147	d3
69092at7147	d3
68535at7147	d3
61797at7147	d3
1247at7147	d3
62045at7147	d3
67989at7147	d3
217300at7147	d3
261364at7147	d3
59758at7147	d3
184601at7147	d3
59056at7147	d3
325776at7147	d3
96682at7147	d3
328111at7147	d3
272043at7147	d3
55290at7147	d3
66567at7147	d3
41454at7147	d3
65323at7147	d3
258591at7147	d3
23846at7147	d3
66361at7147	d3
61559at7147	d3
67045at7147	d3
71309at7147	d3
63492at7147	d3
40957at7147	d3
29535at7147	d3
325909at7147	d3
67335at7147	d3
287401at7147	d3
58183at7147	d3
56314at7147	d3
190305at7147	d3
68567at7147	d3
316446at7147	d3
207353at7147	d3
240493at7147	d3
25381at7147	d3
69246at7147	d3
61986at7147	d3
209369at7147	d3
222458at7147	d3
174026at7147	d3
58828at7147	d3
255991at7147	d3
276755at7147	d3
200590at7147	d3
34040at7147	d3
211427at7147	d3
331273at7147	d3
258537at7147	d3
285312at7147	d3
288771at7147	d3
279417at7147	d3
11874at7147	d3
279532at7147	d3
63036at7147	d3
161871at7147	d3
60499at7147	d3
291775at7147	d3
71239at7147	d3
185073at7147	d3
18515at7147	d3
280026at7147	d3
262672at7147	d3
13145at7147	d3
192335at7147	d3
227369at7147	d3
235280at7147	d3
230818at7147	d3
294953at7147	d3
288271at7147	d3
35151at7147	d3
56913at7147	d3
32720at7147	d3
60174at7147	d3
117164at7147	d3
54916at7147	d3
229672at7147	d3
195531at7147	d3
250340at7147	d3
55441at7147	d3
197539at7147	d3
222040at7147	d3
311225at7147	d3
293958at7147	d3
274181at7147	d3
60941at7147	d3
252952at7147	d3
156252at7147	d3
59908at7147	d3
313075at7147	d3
22604at7147	d3
55263at7147	d3
322179at7147	d3
66414at7147	d3
310366at7147	d3
347246at7147	d3
286182at7147	d3
307277at7147	d3
163715at7147	d3
48836at7147	d3
62957at7147	d3
74588at7147	d3
49412at7147	d3
237752at7147	d3
259691at7147	d3
36193at7147	d3
33333at7147	d3
67641at7147	d3
256647at7147	d3
249380at7147	d3
65076at7147	d3
316725at7147	d3
323595at7147	d3
55391at7147	d3
316051at7147	d3
71485at7147	d3
275228at7147	d3
228569at7147	d3
232822at7147	d3
313468at7147	d3
234759at7147	d3
204057at7147	d3
43869at7147	d3
238586at7147	d3
56617at7147	d3
296305at7147	d3
226752at7147	d3
122994at7147	d3
68670at7147	d3
305110at7147	d3
203403at7147	d3
238394at7147	d3
281283at7147	d3
165544at7147	d3
290064at7147	d3
17888at7147	d3
130547at7147	d3
182238at7147	d3
4932at7147	d3
300956at7147	d3
233816at7147	d3
298828at7147	d3
57847at7147	d3
74875at7147	d3
55165at7147	d3
186362at7147	d3
59513at7147	d3
75300at7147	d3
171757at7147	d3
166932at7147	d3
333597at7147	d3
60739at7147	d3
175088at7147	d3
69929at7147	d3
327080at7147	d3
204754at7147	d3
190896at7147	d3
24160at7147	d3
228410at7147	d3
66457at7147	d3
73073at7147	d3
214546at7147	d3
16840at7147	d3
330882at7147	d3
324452at7147	d3
211705at7147	d3
292525at7147	d3
74309at7147	d3
273793at7147	d3
302595at7147	d3
41434at7147	d3
223822at7147	d3
238915at7147	d3
309960at7147	d3
308633at7147	d3
239240at7147	d3
63838at7147	d3
265118at7147	d3
268784at7147	d3
201450at7147	d3
305311at7147	d3
195027at7147	d3
75947at7147	d3
325495at7147	d3
29676at7147	d3
280459at7147	d3
348025at7147	d3
315625at7147	d3
283943at7147	d3
71612at7147	d3
308627at7147	d3
60303at7147	d3
73368at7147	d3
350700at7147	d3
15771at7147	d3
263519at7147	d3
66538at7147	d3
25417at7147	d3
291799at7147	d3
66228at7147	d3
58894at7147	d3
45930at7147	d3
265311at7147	d3
291384at7147	d3
34542at7147	d3
45762at7147	d3
248354at7147	d3
258259at7147	d3
71549at7147	d3
297379at7147	d3
333919at7147	d3
62451at7147	d3
242686at7147	d3
332289at7147	d3
64968at7147	d3
215748at7147	d3
34796at7147	d3
10407at7147	d3
66349at7147	d3
59501at7147	d3
4606at7147	d3
60381at7147	d3
61306at7147	d3
17630at7147	d3
321048at7147	d3
167536at7147	d3
228439at7147	d3
258018at7147	d3
23197at7147	d3
149858at7147	d3
56662at7147	d3
281381at7147	d3
187621at7147	d3
267819at7147	d3
69925at7147	d3
68696at7147	d3
225536at7147	d3
63539at7147	d3
169345at7147	d3
71282at7147	d3
60315at7147	d3
310082at7147	d3
302479at7147	d3
55543at7147	d3
87230at7147	d3
252815at7147	d3
57082at7147	d3
60885at7147	d3
283163at7147	d3
307987at7147	d3
61340at7147	d3
264634at7147	d3
69182at7147	d3
60656at7147	d3
216744at7147	d3
239210at7147	d3
72074at7147	d3
70036at7147	d3
311425at7147	d3
259008at7147	d3
327876at7147	d3
61113at7147	d3
265580at7147	d3
250262at7147	d3
274980at7147	d3
341168at7147	d3
165627at7147	d3
257859at7147	d3
342499at7147	d3
76978at7147	d3
347134at7147	d3
328983at7147	d3
255795at7147	d3
186197at7147	d3
59530at7147	d3
225581at7147	d3
69017at7147	d3
270210at7147	d3
155301at7147	d3
234585at7147	d3
270720at7147	d3
245107at7147	d3
333890at7147	d3
307441at7147	d3
298591at7147	d3
351939at7147	d3
165697at7147	d3
276514at7147	d3
275911at7147	d3
162738at7147	d3
74474at7147	d3
44889at7147	d3
266921at7147	d3
294786at7147	d3
65939at7147	d3
151630at7147	d3
283360at7147	d3
74865at7147	d3
60612at7147	d3
349975at7147	d3
355206at7147	d3
252042at7147	d3
41747at7147	d3
162812at7147	d3
325191at7147	d3
47890at7147	d3
7527at7147	d3
337205at7147	d3
60504at7147	d3
287523at7147	d3
12531at7147	d3
47694at7147	d3
26431at7147	d3
264016at7147	d3
64036at7147	d3
71660at7147	d3
73241at7147	d3
74668at7147	d3
17528at7147	d3
296064at7147	d3
298856at7147	d3
65433at7147	d3
66364at7147	d3
148910at7147	d3
119237at7147	d3
177652at7147	d3
44860at7147	d3
10408at7147	d3
205742at7147	d3
69002at7147	d3
276185at7147	d3
46656at7147	d3
56337at7147	d3
253068at7147	d3
164342at7147	d3
76958at7147	d3
32487at7147	d3
281188at7147	d3
68897at7147	d3
54654at7147	d3
308668at7147	d3
257558at7147	d3
56809at7147	d3
76417at7147	d3
37808at7147	d3
72372at7147	d3
172192at7147	d3
219502at7147	d4
67858at7147	d4
72338at7147	d4
273538at7147	d4
73731at7147	d4
37633at7147	d4
191396at7147	d4
137178at7147	d4
175715at7147	d4
71635at7147	d4
50619at7147	d4
260249at7147	d4
93012at7147	d4
167630at7147	d4
89718at7147	d4
66402at7147	d4
239763at7147	d4
181433at7147	d4
206372at7147	d4
47419at7147	d4
24767at7147	d4
301800at7147	d4
296669at7147	d4
119398at7147	d4
57233at7147	d4
350020at7147	d4
35057at7147	d4
201709at7147	d4
260331at7147	d4
329005at7147	d4
313308at7147	d4
169142at7147	d4
162861at7147	d4
103572at7147	d4
59366at7147	d4
250425at7147	d4
292315at7147	d4
75811at7147	d4
22418at7147	d4
352923at7147	d4
60114at7147	d4
27804at7147	d4
165949at7147	d4
34225at7147	d4
168261at7147	d4
235509at7147	d4
218702at7147	d4
264387at7147	d4
57156at7147	d4
74641at7147	d4
301802at7147	d4
199531at7147	d4
71152at7147	d4
148771at7147	d4
261561at7147	d4
59688at7147	d4
293819at7147	d4
280772at7147	d4
285481at7147	d4
12285at7147	d4
248914at7147	d4
308781at7147	d4
180001at7147	d4
74667at7147	d4
55728at7147	d4
62443at7147	d4
70853at7147	d4
55739at7147	d4
251050at7147	d4
17953at7147	d4
70080at7147	d4
302851at7147	d4
71465at7147	d4
76175at7147	d4
68227at7147	d4
74664at7147	d4
195060at7147	d4
256446at7147	d4
16945at7147	d4
70044at7147	d4
190114at7147	d4
162154at7147	d4
63607at7147	d4
208352at7147	d4
110200at7147	d4
62879at7147	d4
354383at7147	d4
62339at7147	d4
312007at7147	d4
75478at7147	d4
169173at7147	d4
351423at7147	d4
66606at7147	d4
69010at7147	d4
154407at7147	d4
322647at7147	d4
270439at7147	d4
158087at7147	d4
68224at7147	d4
17649at7147	d4
8079at7147	d4
209407at7147	d4
56713at7147	d4
297866at7147	d4
114765at7147	d4
33462at7147	d4
71960at7147	d4
202373at7147	d4
91028at7147	d4
271390at7147	d4
267608at7147	d4
162967at7147	d4
238372at7147	d4
62916at7147	d4
267888at7147	d4
311719at7147	d4
14792at7147	d4
343282at7147	d4
294539at7147	d4
262827at7147	d4
66053at7147	d4
336055at7147	d4
70477at7147	d4
267502at7147	d4
421at7147	d4
149829at7147	d4
76650at7147	d4
310466at7147	d4
285035at7147	d4
67222at7147	d4
33935at7147	d4
267567at7147	d4
349613at7147	d4
202603at7147	d4
61410at7147	d4
225447at7147	d4
323631at7147	d4
229094at7147	d4
72000at7147	d4
63639at7147	d4
165935at7147	d4
128900at7147	d4
300691at7147	d4
67337at7147	d4
54802at7147	d4
67779at7147	d4
173684at7147	d4
327637at7147	d4
304856at7147	d4
211637at7147	d4
163733at7147	d4
224410at7147	d4
43239at7147	d4
260478at7147	d4
260859at7147	d4
55688at7147	d4
175249at7147	d4
243541at7147	d4
76622at7147	d4
281924at7147	d4
204706at7147	d4
344901at7147	d4
280460at7147	d4
249573at7147	d4
95207at7147	d4
57046at7147	d4
10563at7147	d4
4218at7147	d4
249317at7147	d4
33961at7147	d4
64380at7147	d4
271237at7147	d4
72989at7147	d4
182762at7147	d4
232701at7147	d4
206736at7147	d4
193127at7147	d4
185368at7147	d4
76630at7147	d4
260915at7147	d4
61746at7147	d4
54892at7147	d4
267052at7147	d4
8364at7147	d4
74492at7147	d4
63604at7147	d4
58283at7147	d4
283644at7147	d4
308369at7147	d4
306684at7147	d4
230372at7147	d4
165173at7147	d4
97765at7147	d4
59034at7147	d4
205547at7147	d4
149629at7147	d4
139180at7147	d4
202134at7147	d4
202948at7147	d4
175770at7147	d4
63829at7147	d4
257774at7147	d4
59326at7147	d4
253335at7147	d4
279155at7147	d4
64993at7147	d4
220279at7147	d4
150523at7147	d4
270794at7147	d4
184633at7147	d4
314587at7147	d4
165269at7147	d4
70302at7147	d4
207472at7147	d4
285538at7147	d4
234808at7147	d4
248599at7147	d4
302572at7147	d4
334708at7147	d4
64374at7147	d4
333779at7147	d4
316991at7147	d4
16687at7147	d4
15909at7147	d4
352170at7147	d4
324287at7147	d4
43826at7147	d4
65385at7147	d4
66020at7147	d4
223992at7147	d4
185824at7147	d4
281282at7147	d4
227327at7147	d4
249087at7147	d4
237014at7147	d4
272529at7147	d4
57890at7147	d4
66475at7147	d4
163641at7147	d4
181851at7147	d4
291230at7147	d4
68362at7147	d4
62282at7147	d4
323291at7147	d4
190340at7147	d4
323186at7147	d4
347901at7147	d4
73590at7147	d4
16285at7147	d4
72440at7147	d4
240980at7147	d4
296217at7147	d4
341050at7147	d4
236464at7147	d4
280577at7147	d4
67422at7147	d4
237608at7147	d4
218834at7147	d4
61469at7147	d4
308728at7147	d4
252141at7147	d4
195495at7147	d4
247389at7147	d4
260276at7147	d4
11534at7147	d4
25662at7147	d4
276218at7147	d4
148702at7147	d4
5723at7147	d4
76503at7147	d4
63017at7147	d4
218711at7147	d4
279073at7147	d4
232835at7147	d4
249556at7147	d4
34697at7147	d4
288113at7147	d4
74496at7147	d4
66869at7147	d4
16927at7147	d4
32183at7147	d4
347528at7147	d4
72768at7147	d4
227055at7147	d4
227395at7147	d4
75060at7147	d4
63597at7147	d4
204383at7147	d4
310237at7147	d4
68373at7147	d4
231288at7147	d4
312485at7147	d4
77167at7147	d4
262394at7147	d4
237270at7147	d4
334129at7147	d4
58266at7147	d4
64278at7147	d4
353269at7147	d4
305612at7147	d4
252158at7147	d4
58753at7147	d4
157428at7147	d4
220528at7147	d4
72344at7147	d4
197135at7147	d4
73290at7147	d4
42404at7147	d4
297932at7147	d4
69085at7147	d4
244151at7147	d4
172045at7147	d4
64757at7147	d4
275475at7147	d4
57237at7147	d4
344407at7147	d4
293245at7147	d4
165755at7147	d4
268871at7147	d4
37663at7147	d4
274915at7147	d4
171492at7147	d4
49690at7147	d4
310503at7147	d4
222145at7147	d4
252979at7147	d4
75691at7147	d4
281669at7147	d4
63187at7147	d4
71178at7147	d4
75525at7147	d4
161360at7147	d4
296534at7147	d4
252835at7147	d4
281267at7147	d4
74894at7147	d4
75540at7147	d4
56132at7147	d4
343484at7147	d4
176674at7147	d4
165238at7147	d4
59638at7147	d4
70109at7147	d4
185832at7147	d4
190820at7147	d4
191968at7147	d4
283551at7147	d4
306719at7147	d4
42323at7147	d4
300918at7147	d4
237829at7147	d4
263692at7147	d4
327028at7147	d4
70395at7147	d4
24982at7147	d4
243046at7147	d4
194287at7147	d4
511at7147	d4
214644at7147	d4
305196at7147	d4
74895at7147	d4
163225at7147	d4
63921at7147	d4
38429at7147	d4
178353at7147	d4
274176at7147	d4
34908at7147	d4
217553at7147	d4
264702at7147	d4
235435at7147	d4
135807at7147	d4
195384at7147	d4
67176at7147	d4
306531at7147	d4
266157at7147	d4
6718at7147	d4
317059at7147	d4
165426at7147	d4
231846at7147	d4
285523at7147	d4
281324at7147	d4
147707at7147	d4
58069at7147	d4
58829at7147	d4
62349at7147	d4
182777at7147	d4
320655at7147	d4
74995at7147	d4
166159at7147	d4
279184at7147	d4
60849at7147	d4
76319at7147	d4
32626at7147	d4
70552at7147	d4
302468at7147	d4
63808at7147	d4
56193at7147	d4
61249at7147	d4
64630at7147	d4
164431at7147	d4
251108at7147	d4
64161at7147	d4
54838at7147	d4
327406at7147	d4
274681at7147	d4
308920at7147	d4
339219at7147	d4
336114at7147	d4
291747at7147	d4
320612at7147	d4
64639at7147	d4
303520at7147	d4
210867at7147	d4
168852at7147	d4
65485at7147	d4
332196at7147	d4
68278at7147	d4
290654at7147	d4
76880at7147	d4
274897at7147	d4
242120at7147	d4
64809at7147	d4
180254at7147	d4
222228at7147	d4
66519at7147	d4
134214at7147	d4
307989at7147	d4
213839at7147	d4
76553at7147	d4
246946at7147	d4
57150at7147	d4
252292at7147	d4
286854at7147	d4
77133at7147	d4
248030at7147	d4
44053at7147	d4
5674at7147	d4
71353at7147	d4
281374at7147	d4
341938at7147	d4
336988at7147	d4
315597at7147	d4
167579at7147	d4
337154at7147	d4
58059at7147	d4
60427at7147	d4
55219at7147	d4
18027at7147	d4
68288at7147	d4
25828at7147	d4
24342at7147	d4
281542at7147	d4
64084at7147	d4
62907at7147	d4
247289at7147	d4
75426at7147	d4
35769at7147	d4
57508at7147	d4
76860at7147	d4
214607at7147	d4
345445at7147	d4
226661at7147	d4
65972at7147	d4
192958at7147	d4
217122at7147	d4
284558at7147	d4
186332at7147	d4
25045at7147	d4
218314at7147	d4
74458at7147	d4
21585at7147	d4
62197at7147	d4
11146at7147	d4
209639at7147	d4
330587at7147	d4
320959at7147	d4
205197at7147	d4
253970at7147	d4
63388at7147	d4
72026at7147	d4
63354at7147	d4
167748at7147	d4
225at7147	d4
336480at7147	d4
217331at7147	d4
64887at7147	d4
204616at7147	d4
59031at7147	d4
168738at7147	d4
192487at7147	d4
323908at7147	d4
336831at7147	d4
63341at7147	d4
255746at7147	d4
13731at7147	d4
304708at7147	d4
66000at7147	d4
233984at7147	d4
72824at7147	d4
219782at7147	d4
9425at7147	d4
188541at7147	d4
59207at7147	d4
197434at7147	d4
270898at7147	d4
332961at7147	d4
269405at7147	d4
3474at7147	d4
328154at7147	d4
345709at7147	d4
90937at7147	d4
58253at7147	d4
291806at7147	d4
180421at7147	d4
327139at7147	d4
342356at7147	d4
21439at7147	d4
294643at7147	d4
284282at7147	d4
76376at7147	d4
69075at7147	d4
356016at7147	d4
277359at7147	d4
75250at7147	d4
323543at7147	d4
263862at7147	d4
289027at7147	d4
46874at7147	d4
333750at7147	d4
70519at7147	d4
243617at7147	d4
322577at7147	d4
274795at7147	d4
69709at7147	d4
254776at7147	d4
67830at7147	d4
56303at7147	d4
62681at7147	d4
238428at7147	d4
275815at7147	d4
325325at7147	d4
70106at7147	d4
64974at7147	d4
336707at7147	d4
223744at7147	d4
55436at7147	d4
57557at7147	d4
74811at7147	d4
58935at7147	d4
201194at7147	d4
50326at7147	d4
355693at7147	d4
320463at7147	d4
252939at7147	d4
316547at7147	d4
166906at7147	d4
340823at7147	d4
138312at7147	d4
70827at7147	d4
25419at7147	d4
207316at7147	d4
305925at7147	d4
280212at7147	d4
58417at7147	d4
218238at7147	d4
280390at7147	d4
65399at7147	d4
17896at7147	d4
57459at7147	d4
318481at7147	d4
68762at7147	d4
3282at7147	d4
267049at7147	d4
316818at7147	d4
232174at7147	d4
174348at7147	d4
185471at7147	d4
75570at7147	d4
61202at7147	d4
218662at7147	d4
241856at7147	d4
201121at7147	d4
251004at7147	d4
248528at7147	d4
157896at7147	d4
237068at7147	d4
37058at7147	d4
56067at7147	d4
44134at7147	d4
68292at7147	d4
74477at7147	d4
300838at7147	d4
286138at7147	d4
238389at7147	d4
213406at7147	d4
250679at7147	d4
63942at7147	d4
250601at7147	d4
76265at7147	d4
61138at7147	d4
329216at7147	d4
196974at7147	d4
64014at7147	d4
60183at7147	d4
45914at7147	d4
56102at7147	d4
59288at7147	d4
313690at7147	d4
165302at7147	d4
218232at7147	d4
211840at7147	d4
186586at7147	d4
33872at7147	d4
329992at7147	d4
61374at7147	d4
65213at7147	d4
210628at7147	d4
198673at7147	d4
165282at7147	d4
324612at7147	d4
232624at7147	d4
72836at7147	d4
239407at7147	d4
64440at7147	d4
43269at7147	d4
165092at7147	d4
214452at7147	d4
152441at7147	d4
67451at7147	d4
261350at7147	d4
229492at7147	d4
238757at7147	d4
289464at7147	d4
55724at7147	d4
325336at7147	d4
304872at7147	d4
69668at7147	d4
72706at7147	d4
7054at7147	d4
61815at7147	d4
54640at7147	d4
267663at7147	d4
256533at7147	d4
344048at7147	d4
254745at7147	d4
168895at7147	d4
39581at7147	d4
57700at7147	d4
272235at7147	d4
193947at7147	d4
61276at7147	d4
163173at7147	d4
56864at7147	d4
203345at7147	d4
305466at7147	d4
293502at7147	d4
268384at7147	d4
197783at7147	d4
306279at7147	d4
217495at7147	d4
56566at7147	d4
191941at7147	d4
70607at7147	d4
285973at7147	d4
59353at7147	d4
231519at7147	d4
272436at7147	d4
257074at7147	d4
214663at7147	d4
57615at7147	d4
36517at7147	d4
19144at7147	d4
33865at7147	d4
10055at7147	d4
270297at7147	d4
322876at7147	d4
291851at7147	d4
50868at7147	d4
56927at7147	d4
57441at7147	d4
225633at7147	d4
12116at7147	d4
278999at7147	d4
216182at7147	d4
28453at7147	d4
246460at7147	d4
241605at7147	d4
66893at7147	d4
260425at7147	d4
56708at7147	d4
43439at7147	d4
165341at7147	d4
308577at7147	d4
68267at7147	d4
908at7147	d4
198277at7147	d4
196429at7147	d4
67026at7147	d4
28614at7147	d4
68458at7147	d4
33557at7147	d4
256150at7147	d4
20074at7147	d4
42570at7147	d4
163506at7147	d4
60353at7147	d4
328039at7147	d4
5241at7147	d4
27128at7147	d4
29659at7147	d5
3120at7147	d5
334285at7147	d5
21852at7147	d5
233260at7147	d5
71292at7147	d5
35393at7147	d5
238923at7147	d5
274937at7147	d5
168942at7147	d5
338103at7147	d5
178987at7147	d5
63633at7147	d5
166882at7147	d5
299018at7147	d5
305385at7147	d5
67636at7147	d5
25091at7147	d5
69376at7147	d5
204032at7147	d5
202191at7147	d5
297594at7147	d5
71555at7147	d5
298916at7147	d5
10097at7147	d5
202022at7147	d5
246813at7147	d5
55755at7147	d5
278097at7147	d5
307605at7147	d5
230195at7147	d5
62799at7147	d5
276247at7147	d5
279394at7147	d5
66994at7147	d5
57879at7147	d5
306844at7147	d5
124132at7147	d5
29289at7147	d5
257562at7147	d5
293949at7147	d5
219582at7147	d5
66196at7147	d5
2609at7147	d5
14633at7147	d5
48886at7147	d5
206928at7147	d5
275051at7147	d5
57144at7147	d5
71846at7147	d5
341071at7147	d5
62727at7147	d5
141840at7147	d5
355470at7147	d5
343482at7147	d5
69617at7147	d5
259489at7147	d5
281912at7147	d5
57900at7147	d5
56767at7147	d5
229217at7147	d5
254558at7147	d5
220196at7147	d5
248245at7147	d5
315235at7147	d5
75863at7147	d5
180405at7147	d5
319488at7147	d5
247235at7147	d5
168677at7147	d5
253582at7147	d5
333943at7147	d5
54531at7147	d5
231212at7147	d5
174040at7147	d5
57025at7147	d5
139357at7147	d5
70891at7147	d5
163083at7147	d5
294280at7147	d5
20729at7147	d5
63148at7147	d5
220802at7147	d5
4667at7147	d5
70490at7147	d5
56625at7147	d5
70507at7147	d5
167972at7147	d5
8741at7147	d5
252684at7147	d5
278453at7147	d5
63282at7147	d5
57440at7147	d5
254208at7147	d5
13588at7147	d5
187806at7147	d5
259866at7147	d5
298064at7147	d5
165944at7147	d5
206914at7147	d5
56803at7147	d5
55090at7147	d5
166517at7147	d5
283279at7147	d5
303353at7147	d5
23560at7147	d5
231446at7147	d5
248623at7147	d5
63203at7147	d5
308466at7147	d5
142617at7147	d5
58570at7147	d5
252597at7147	d5
185360at7147	d5
260154at7147	d5
60643at7147	d5
197512at7147	d5
161620at7147	d5
66633at7147	d5
56814at7147	d5
76648at7147	d5
75933at7147	d5
312781at7147	d5
196145at7147	d5
231005at7147	d5
226519at7147	d5
66848at7147	d5
63940at7147	d5
290986at7147	d5
108194at7147	d5
76919at7147	d5
276213at7147	d5
55085at7147	d5
54723at7147	d5
222783at7147	d5
56788at7147	d5
340115at7147	d5
57779at7147	d5
301408at7147	d5
26603at7147	d5
61232at7147	d5
320262at7147	d5
68038at7147	d5
37448at7147	d5
198185at7147	d5
63137at7147	d5
44500at7147	d5
168244at7147	d5
343707at7147	d5
14247at7147	d5
224995at7147	d5
67773at7147	d5
276853at7147	d5
206750at7147	d5
65687at7147	d5
33135at7147	d5
9487at7147	d5
76678at7147	d5
295310at7147	d5
189615at7147	d5
63569at7147	d5
74611at7147	d5
54821at7147	d5
62407at7147	d5
54775at7147	d5
55091at7147	d5
58656at7147	d5
59805at7147	d5
63892at7147	d5
271537at7147	d5
282860at7147	d5
57748at7147	d5
256852at7147	d5
306780at7147	d5
37647at7147	d5
241904at7147	d5
71571at7147	d5
264141at7147	d5
184526at7147	d5
161986at7147	d5
310609at7147	d5
75560at7147	d5
181909at7147	d5
38813at7147	d5
74909at7147	d5
57994at7147	d5
223877at7147	d5
55751at7147	d5
258056at7147	d5
210598at7147	d5
286403at7147	d5
60915at7147	d5
58419at7147	d5
261446at7147	d5
263649at7147	d5
216894at7147	d5
16264at7147	d5
317484at7147	d5
238941at7147	d5
166924at7147	d5
323705at7147	d5
355810at7147	d5
60422at7147	d5
75367at7147	d5
17073at7147	d5
69661at7147	d5
163534at7147	d5
165055at7147	d5
63536at7147	d5
59159at7147	d5
163316at7147	d5
193781at7147	d5
40805at7147	d5
284736at7147	d5
58277at7147	d5
149853at7147	d5
67006at7147	d5
304892at7147	d5
204329at7147	d5
14525at7147	d5
252614at7147	d5
201808at7147	d5
40328at7147	d5
253625at7147	d5
54528at7147	d5
198499at7147	d5
22449at7147	d5
317369at7147	d5
243227at7147	d5
21253at7147	d5
321389at7147	d5
330766at7147	d5
324493at7147	d5
296850at7147	d5
296596at7147	d5
56907at7147	d5
250611at7147	d5
63127at7147	d5
288131at7147	d5
66373at7147	d5
288922at7147	d5
334148at7147	d5
238841at7147	d5
175710at7147	d5
326289at7147	d5
247074at7147	d5
255269at7147	d5
65599at7147	d5
222109at7147	d5
57036at7147	d5
240367at7147	d5
63580at7147	d5
221957at7147	d5
65656at7147	d5
55670at7147	d5
247475at7147	d5
192868at7147	d5
297810at7147	d5
48421at7147	d5
22815at7147	d5
73142at7147	d5
317266at7147	d5
77052at7147	d5
229334at7147	d5
252642at7147	d5
71162at7147	d5
41815at7147	d5
66055at7147	d5
280671at7147	d5
68459at7147	d5
67622at7147	d5
17568at7147	d5
174436at7147	d5
193617at7147	d5
56201at7147	d5
2709at7147	d5
278880at7147	d5
264309at7147	d5
211848at7147	d5
245053at7147	d5
33410at7147	d5
261841at7147	d5
319005at7147	d5
9678at7147	d5
265425at7147	d5
290655at7147	d5
212151at7147	d5
308957at7147	d5
205381at7147	d5
74114at7147	d5
214635at7147	d5
42940at7147	d5
208604at7147	d5
239017at7147	d5
171855at7147	d5
10654at7147	d5
167786at7147	d5
178354at7147	d5
311661at7147	d5
236395at7147	d5
65559at7147	d5
25119at7147	d5
17608at7147	d5
35727at7147	d5
63716at7147	d5
268798at7147	d5
280996at7147	d5
183317at7147	d5
203893at7147	d5
230211at7147	d5
191118at7147	d5
65561at7147	d5
39439at7147	d5
8234at7147	d5
68623at7147	d5
180799at7147	d5
62372at7147	d5
244310at7147	d5
277731at7147	d5
18484at7147	d5
186132at7147	d5
836at7147	d5
318213at7147	d5
59867at7147	d5
54713at7147	d5
21072at7147	d5
76881at7147	d5
204581at7147	d5
274396at7147	d5
56974at7147	d5
163391at7147	d5
215197at7147	d5
195925at7147	d5
68758at7147	d5
166641at7147	d5
272627at7147	d5
163483at7147	d5
286387at7147	d5
241047at7147	d5
64833at7147	d5
172299at7147	d5
232603at7147	d5
216212at7147	d5
213130at7147	d5
8348at7147	d5
60284at7147	d5
76453at7147	d5
73091at7147	d5
60162at7147	d5
64505at7147	d5
61966at7147	d5
183738at7147	d5
210782at7147	d5
185066at7147	d5
8016at7147	d5
61222at7147	d5
165117at7147	d5
256579at7147	d5
269347at7147	d5
275971at7147	d5
59514at7147	d5
262890at7147	d5
234671at7147	d5
339400at7147	d5
347673at7147	d5
71211at7147	d5
12226at7147	d5
254013at7147	d5
136142at7147	d5
185345at7147	d5
166427at7147	d5
281225at7147	d5
205624at7147	d5
125314at7147	d5
216792at7147	d5
168643at7147	d5
221190at7147	d5
315085at7147	d5
168021at7147	d5
190773at7147	d5
255721at7147	d5
168682at7147	d5
66846at7147	d5
75937at7147	d5
72938at7147	d5
245898at7147	d5
281921at7147	d5
249383at7147	d5
308629at7147	d5
217926at7147	d5
70554at7147	d5
278677at7147	d5
316064at7147	d5
209900at7147	d5
39526at7147	d5
27839at7147	d5
74430at7147	d5
231315at7147	d5
75763at7147	d5
28601at7147	d5
318210at7147	d5
281393at7147	d5
201874at7147	d5
60913at7147	d5
234002at7147	d5
298657at7147	d5
65007at7147	d5
59594at7147	d5
301691at7147	d5
15662at7147	d5
341416at7147	d5
318998at7147	d5
277284at7147	d5
248858at7147	d5
220933at7147	d5
210040at7147	d5
168060at7147	d5
199581at7147	d5
212459at7147	d5
302891at7147	d5
32812at7147	d5
236368at7147	d5
40401at7147	d5
228997at7147	d5
186601at7147	d5
306810at7147	d5
33480at7147	d5
63210at7147	d5
266482at7147	d5
248981at7147	d5
205264at7147	d5
290830at7147	d5
71476at7147	d5
229756at7147	d5
57742at7147	d5
72354at7147	d5
66999at7147	d5
65194at7147	d5
14119at7147	d5
268234at7147	d5
74388at7147	d5
44423at7147	d5
193528at7147	d5
70165at7147	d5
209274at7147	d5
288665at7147	d5
295163at7147	d5
75178at7147	d5
190063at7147	d5
18472at7147	d5
76358at7147	d5
203551at7147	d5
60911at7147	d5
275025at7147	d5
307703at7147	d5
203027at7147	d5
302314at7147	d5
67770at7147	d5
71362at7147	d5
318410at7147	d5
57791at7147	d5
283328at7147	d5
33155at7147	d5
337136at7147	d5
197467at7147	d5
68398at7147	d5
57504at7147	d5
62502at7147	d5
67940at7147	d5
314566at7147	d5
26854at7147	d5
274715at7147	d5
307476at7147	d5
65536at7147	d5
224392at7147	d5
61683at7147	d5
316979at7147	d5
335931at7147	d5
73249at7147	d5
35089at7147	d5
63215at7147	d5
250868at7147	d5
184064at7147	d5
47837at7147	d5
235260at7147	d5
73161at7147	d5
222834at7147	d5
249779at7147	d5
348171at7147	d5
237862at7147	d5
342332at7147	d5
227250at7147	d5
167175at7147	d5
20633at7147	d5
63650at7147	d5
54740at7147	d5
73186at7147	d5
61992at7147	d5
67941at7147	d5
8977at7147	d5
348417at7147	d5
230202at7147	d5
57658at7147	d5
189702at7147	d5
54971at7147	d5
56954at7147	d5
274377at7147	d5
58622at7147	d5
242314at7147	d5
61869at7147	d5
268926at7147	d5
227682at7147	d5
54556at7147	d5
222703at7147	d5
299040at7147	d5
17410at7147	d5
229124at7147	d5
346156at7147	d5
292983at7147	d5
211293at7147	d5
67114at7147	d5
288097at7147	d5
265149at7147	d5
17603at7147	d5
179205at7147	d5
31943at7147	d5
232800at7147	d5
303443at7147	d5
55749at7147	d5
292918at7147	d5
295178at7147	d5
60030at7147	d5
270215at7147	d5
36758at7147	d5
225053at7147	d5
58188at7147	d5
168588at7147	d5
351844at7147	d5
322677at7147	d5
63517at7147	d5
117470at7147	d5
72170at7147	d5
45005at7147	d5
310595at7147	d5
59932at7147	d5
266363at7147	d5
65892at7147	d5
218465at7147	d5
73870at7147	d5
224754at7147	d5
27297at7147	d5
37895at7147	d5
287822at7147	d5
249263at7147	d5
302920at7147	d5
166242at7147	d5
60372at7147	d5
118121at7147	d5
55776at7147	d5
10198at7147	d5
64173at7147	d5
317138at7147	d5
57591at7147	d5
72776at7147	d5
49770at7147	d5
210074at7147	d5
331803at7147	d5
331756at7147	d5
193600at7147	d5
525at7147	d5
54822at7147	d5
211325at7147	d5
271368at7147	d5
219749at7147	d5
202637at7147	d5
168090at7147	d5
276371at7147	d5
235448at7147	d5
59762at7147	d5
225854at7147	d5
55399at7147	d5
59543at7147	d5
165814at7147	d5
72078at7147	d5
49586at7147	d5
69243at7147	d5
61095at7147	d5
233318at7147	d5
254826at7147	d5
167029at7147	d5
62366at7147	d5
37351at7147	d5
226656at7147	d5
63383at7147	d5
285016at7147	d5
20821at7147	d5
70840at7147	d5
89210at7147	d5
57656at7147	d5
65784at7147	d5
69362at7147	d5
70877at7147	d5
74714at7147	d5
263026at7147	d5
247755at7147	d5
312756at7147	d5
57772at7147	d5
303198at7147	d5
55167at7147	d5
297901at7147	d5
171365at7147	d5
168975at7147	d5
250604at7147	d5
178237at7147	d5
30213at7147	d5
259411at7147	d5
59847at7147	d5
226451at7147	d5
65830at7147	d5
33177at7147	d5
199566at7147	d5
49557at7147	d5
162279at7147	d5
62204at7147	d5
340179at7147	d5
74323at7147	d5
245398at7147	d5
66243at7147	d5
62639at7147	d5
235700at7147	d5
54682at7147	d5
319170at7147	d5
253807at7147	d5
325416at7147	d5
266347at7147	d5
5225at7147	d5
272293at7147	d5
71545at7147	d5
194370at7147	d5
68959at7147	d5
59934at7147	d5
223496at7147	d5
62660at7147	d5
66510at7147	d5
59858at7147	d6
147958at7147	d6
322272at7147	d6
76140at7147	d6
258841at7147	d6
206246at7147	d6
73676at7147	d6
173613at7147	d6
75109at7147	d6
323607at7147	d6
62185at7147	d6
349071at7147	d6
309430at7147	d6
294507at7147	d6
166851at7147	d6
317137at7147	d6
244585at7147	d6
325193at7147	d6
247793at7147	d6
274103at7147	d6
273420at7147	d6
70735at7147	d6
63332at7147	d6
61386at7147	d6
228740at7147	d6
322552at7147	d6
27793at7147	d6
211171at7147	d6
341602at7147	d6
58454at7147	d6
163233at7147	d6
74288at7147	d6
284618at7147	d6
9406at7147	d6
345547at7147	d6
278930at7147	d6
352532at7147	d6
54842at7147	d6
59718at7147	d6
168660at7147	d6
43054at7147	d6
75513at7147	d6
60185at7147	d6
10730at7147	d6
223772at7147	d6
5978at7147	d6
273517at7147	d6
218090at7147	d6
222652at7147	d6
298728at7147	d6
192691at7147	d6
58988at7147	d6
250477at7147	d6
62910at7147	d6
258862at7147	d6
321835at7147	d6
64472at7147	d6
248530at7147	d6
119940at7147	d6
221352at7147	d6
56783at7147	d6
7353at7147	d6
63905at7147	d6
1049at7147	d6
7971at7147	d6
445at7147	d6
313016at7147	d6
254929at7147	d6
285192at7147	d6
224956at7147	d6
55132at7147	d6
