query_chr	busco_hits
SCAFFOLD_1	67
SCAFFOLD_10	45
SCAFFOLD_100	2
SCAFFOLD_11	70
SCAFFOLD_115	2
SCAFFOLD_12	71
SCAFFOLD_13	48
SCAFFOLD_135	2
SCAFFOLD_14	60
SCAFFOLD_15	50
SCAFFOLD_16	28
SCAFFOLD_17	101
SCAFFOLD_18	30
SCAFFOLD_19	134
SCAFFOLD_2	128
SCAFFOLD_20	59
SCAFFOLD_21	62
SCAFFOLD_22	72
SCAFFOLD_23	51
SCAFFOLD_24	24
SCAFFOLD_25	75
SCAFFOLD_26	59
SCAFFOLD_27	88
SCAFFOLD_28	61
SCAFFOLD_29	93
SCAFFOLD_3	99
SCAFFOLD_30	39
SCAFFOLD_307	1
SCAFFOLD_31	56
SCAFFOLD_317	1
SCAFFOLD_32	69
SCAFFOLD_33	34
SCAFFOLD_34	49
SCAFFOLD_35	39
SCAFFOLD_36	52
SCAFFOLD_37	40
SCAFFOLD_38	74
SCAFFOLD_39	51
SCAFFOLD_4	49
SCAFFOLD_40	62
SCAFFOLD_41	39
SCAFFOLD_42	89
SCAFFOLD_43	45
SCAFFOLD_44	65
SCAFFOLD_45	35
SCAFFOLD_46	60
SCAFFOLD_47	69
SCAFFOLD_48	93
SCAFFOLD_49	45
SCAFFOLD_5	88
SCAFFOLD_50	47
SCAFFOLD_51	69
SCAFFOLD_52	59
SCAFFOLD_53	41
SCAFFOLD_54	44
SCAFFOLD_55	81
SCAFFOLD_56	33
SCAFFOLD_57	56
SCAFFOLD_58	63
SCAFFOLD_59	95
SCAFFOLD_6	66
SCAFFOLD_60	37
SCAFFOLD_61	91
SCAFFOLD_62	25
SCAFFOLD_63	41
SCAFFOLD_64	45
SCAFFOLD_65	29
SCAFFOLD_66	70
SCAFFOLD_67	20
SCAFFOLD_68	37
SCAFFOLD_69	40
SCAFFOLD_7	45
SCAFFOLD_70	64
SCAFFOLD_71	63
SCAFFOLD_72	37
SCAFFOLD_73	39
SCAFFOLD_74	54
SCAFFOLD_75	34
SCAFFOLD_76	84
SCAFFOLD_77	52
SCAFFOLD_78	49
SCAFFOLD_79	33
SCAFFOLD_8	64
SCAFFOLD_80	23
SCAFFOLD_81	43
SCAFFOLD_82	59
SCAFFOLD_83	46
SCAFFOLD_84	57
SCAFFOLD_85	30
SCAFFOLD_86	33
SCAFFOLD_87	74
SCAFFOLD_88	51
SCAFFOLD_89	37
SCAFFOLD_9	63
SCAFFOLD_90	16
SCAFFOLD_91	13
SCAFFOLD_92	1
SCAFFOLD_94	9
SCAFFOLD_95	1
